HEADER,QUEST,ORDER,PERSON,PERSON_EMOTION,TEXT,RESPONSES,,PLAYER_EMOTION,CORRECTNESS,items,,,,TEXT SZE,,SUMMARY,DEBRIEFING
,Mother-101,before,mother,smiling,"Good morning, *name*! {Busy} as always, are we? What are you {up to today}?",I took up blogging,,:D,like,garden gnome,,,,75,18,Gnomes will make great difference,What a pretty bunch these gnomes! 
,,,,,,Nothing interesting,,:(,,,,,,0,19,,
,,,mother,happy,Great! I am planning to {redecorate} our backyard today!,That’s a great idea!,,:D,like,,,:),,56,20,,
,,,,,,"What, again?",,:(,,,,:D,,0,12,,
,,,mother,normal,"Yes. I need something, though. Could you get me {two pretty garden gnomes}? From {Mr. Ross}, for example, his gnomes are extra cute.","No problem, I have one already",,:),like,,,^^,,132,30,,
,,,,,,You could’ve asked him yourself,,:(,,,,:(,,,31,,
,,,,,,,,,,,,:/,,,,,
,,after,mother,happy,They’ll make an excellent addition to {my collection}. Thank you. Get {this recipe} I learned from your gran!,That’s nothing,,:),,,,:'(,,109,14,,
,,,,,,…,,:(,,,,,,0,1,,
,,,mother,smiling,"By the way, I heard the cook in our {local soup kitchen} caught a cold. They’re looking for someone to {volunteer}. You could try it.","I will, thank you",,:),,,,,,133,17,,
,,,,,,Volunteering? Me?,,:/,,,,,,0,17,,
,,,,,,,,,,,,,,,,,
,Mother-102,before,mother,happy,"I heard you helped out at the {soup kitchen}. I am so proud of you, I raised a {wonderful daughter}, both talented and kind","You’re flattering me, mom",,:),like,dishrag,strainer,,,123,25,Stuff always disappears when it's needed for cooking!,Thank you. That’s a very pretty dishcloth.
,,,,,,"Yes, that’s me",,:/,like,,,,,0,14,,
,,,mother,sad/concerned,"By the way, I was cooking {today’s dinner} and I realized all our {dishrags} are dirty and just I can’t find the {strainer}! Could you go look for them?",Definitely!,,:),,,,,,152,11,,
,,,,,,Hope the dinner is worth it. ,,:(,dislike,,,,,0,29,,
,,,,,,,,,,,,,,,,,
,,after,mother,smiling,"I wonder, where did you get this dishcloth? I coulde use more of those.",It’s for my help in the soup kitchen,,:),,,,,,71,36,,
,,,,,,Who knows,,:(,,,,,,0,9,,
,,,mother,smiling,"Here, I wanted to give you another of your {grandmother’s recipes}. She was a great cook, as you know, so I’m sure you’ll love this one.","Thank you, I'll teasure it",,:D,,,,,,136,26,,
,,,,,,Mmm ancient recipes,,:/,,,,,,0,19,,
,,,,,,,,,,,,,,,,,
,Brother-101,before,brother,normal,"Hey, sis! Good thing you came by! Jonny told me he gave you the {console} he promised me",He promised it to you?,,:),,console,,,,88,22,Hurry up! I have to go on this raid or I'll be kicked out of the party!,You’re the best sister! 
,,,,,,I suppose I was tricked into cooking,,:(,like,,,,,0,36,,
,,,brother,smiling,"He made you cook the {snacks} for our DnD night, right? Ha-ha! Well played, bro, well-played.","Hey, that’s cheating!",,:),like,,,,,93,21,,
,,,,,,For goodness sake!,,:(,,,,,,0,18,,
,,,brother,normal,"Anyway, did you get the {console}? I promised guys I’ll go on a raid with them in fifteen minutes!","Yes-yes, wait a bit",,:),,,,,,98,19,,
,,,,,,Whatever this means…,,:/,dislike,,,,,0,21,,
,,,,,,,,,,,,,,,,,
,,after,brother,happy,"Get this: I made a {perfect sandwich recipe}. It’s pure science! I'm {yet to finish} it, I’ll give you the rest later.",I’ll try it!,,:),,,,,,120,12,,
,,,,,,Cooking is no science!,,:/,,,,,,0,22,,
,,,brother,happy,"I’ve seen your {vlog entry}, love it! But you need to improve the {technical side}. I heard there’s a {cooking contest} you can win good stuff in.",Great idea,,:D,,,,,,146,10,,
,,,,,,I’ll think about it,,:(,,,,,,0,19,,
,,,,,,,,,,,,,,,,,
,Brother-102,before,brother,smiling,"So, did you take part in that {contest} I told you about? I hope {you won} lot’s of cool stuff!",I did!,,:D,like,hdmi,tripod,camera,,95,6,We'll make you the best food blogger ever!,"Awesome! I’ll work on this now, and on my king recipe as well."
,,,,,,Not really,,:(,,,,,,0,10,,
,,,brother,normal,"I can help you make the {perfect gear} for your videos, but only if you bring me the parts",What do you need?,,:),like,,,,,90,17,,
,,,,,,Are you sure about that?,,:(,dislike,,,,,0,24,,
,,,brother,normal,"Let’s see… I need a {camera}, a {tripod} and an {hdmi-cable}. Cool? ",Cool,,:D,like,,,,,68,4,,
,,,,,,Whatever,,:(,,,,,,0,8,,
,,,,,,,,,,,,,,,,,
,Brother-103,before,brother,smiling,"The work is {going great}! I’ll make your gear and you’ll be able to {shoot the best} quality vids, sis, and {conquer the Internet}. ",How can I thank you?,,:),,dice,notepad,,,134,20,"Just a little favor, okay?",Great. You got everything I need. 
,,,,,,Do you need something in exchange?,,:(,like,,,,,0,34,,
,,,brother,normal,Could you get me a {notepad} and {dice}? I need it for the game tonight!,Alright.,,:),like,,,,,72,8,,
,,,,,,Geek,,:(,like,,,,,0,4,,
,,,,,,,,,,,,,,0,0,,
,,after,brother,happy,"I {finished} working on your gear and the recipe, and I also have a {surprise} for you!",What is it?,,:),,,,,,87,11,,
,,,,,,I’m terrified,,:/,,,,,,0,13,,
,,,brother,happy,"I sent your videos to a {sponsor} and they liked it! They offer you to {go to France}, learn local recipes and film more cool videos. ",You gotta be kidding!,,:D,,,,,,134,21,,
,,,,,,Is that a joke?,,:/,,,,,,0,15,,
,,,brother,happy,"No! That’s {reality}! I’m shocked too, but that’s a {great opportunity}. You have to go! And may the Force be with you.",Thank you so-so much!,,:D,,,,,,119,21,,
,,,,,,...,,:(,,,,,,0,3,,
,,,,,,,,,,,,,,,,,
,,,,,,,,,,,,,,,,,
,,,,,,,,,,,,,,,,,
,,,,,,,,,,,,,,,,,
,,,,,,,,,,,,,,,,,
,,,,,,,,,,,,,,,,,
,,,,,,,,,,,,,,,,,
,,,,,,,,,,,,,,,,,
,,,,,,,,,,,,,,,,,
,,,,,,,,,,,,,,,,,
,,,,,,,,,,,,,,,,,
,,,,,,,,,,,,,,,,,
,,,,,,,,,,,,,,,,,
,,,,,,,,,,,,,,,,,
,,,,,,,,,,,,,,,,,
,,,,,,,,,,,,,,,,,
,,,,,,,,,,,,,,,,,
,,,,,,,,,,,,,,,,,
,,,,,,,,,,,,,,,,,
,,,,,,,,,,,,,,,,,
,,,,,,,,,,,,,,,,,
,,,,,,,,,,,,,,,,,
,,,,,,,,,,,,,,,,,
,,,,,,,,,,,,,,,,,
,,,,,,,,,,,,,,,,,
,,,,,,,,,,,,,,,,,
,,,,,,,,,,,,,,,,,
,,,,,,,,,,,,,,,,,
,,,,,,,,,,,,,,,,,
,,,,,,,,,,,,,,,,,
,,,,,,,,,,,,,,,,,
,,,,,,,,,,,,,,,,,
,,,,,,,,,,,,,,,,,
,,,,,,,,,,,,,,,,,
,,,,,,,,,,,,,,,,,
,,,,,,,,,,,,,,,,,
,,,,,,,,,,,,,,,,,
,,,,,,,,,,,,,,,,,
,,,,,,,,,,,,,,,,,
,,,,,,,,,,,,,,,,,
,,,,,,,,,,,,,,,,,
,,,,,,,,,,,,,,,,,
,,,,,,,,,,,,,,,,,
,,,,,,,,,,,,,,,,,
,,,,,,,,,,,,,,,,,
,,,,,,,,,,,,,,,,,
,,,,,,,,,,,,,,,,,
,,,,,,,,,,,,,,,,,
,,,,,,,,,,,,,,,,,
,,,,,,,,,,,,,,,,,
,,,,,,,,,,,,,,,,,
,,,,,,,,,,,,,,,,,
,,,,,,,,,,,,,,,,,
,,,,,,,,,,,,,,,,,
,,,,,,,,,,,,,,,,,
,,,,,,,,,,,,,,,,,
,,,,,,,,,,,,,,,,,
,,,,,,,,,,,,,,,,,
,,,,,,,,,,,,,,,,,
,,,,,,,,,,,,,,,,,
,,,,,,,,,,,,,,,,,
,,,,,,,,,,,,,,,,,
,,,,,,,,,,,,,,,,,
,,,,,,,,,,,,,,,,,
,,,,,,,,,,,,,,,,,
,,,,,,,,,,,,,,,,,
,,,,,,,,,,,,,,,,,
,,,,,,,,,,,,,,,,,
,,,,,,,,,,,,,,,,,
,,,,,,,,,,,,,,,,,
,,,,,,,,,,,,,,,,,
,,,,,,,,,,,,,,,,,
,,,,,,,,,,,,,,,,,
,,,,,,,,,,,,,,,,,
,,,,,,,,,,,,,,,,,
,,,,,,,,,,,,,,,,,
,,,,,,,,,,,,,,,,,
,,,,,,,,,,,,,,,,,
,,,,,,,,,,,,,,,,,
,,,,,,,,,,,,,,,,,
,,,,,,,,,,,,,,,,,
,,,,,,,,,,,,,,,,,
,,,,,,,,,,,,,,,,,
,,,,,,,,,,,,,,,,,
,,,,,,,,,,,,,,,,,
,,,,,,,,,,,,,,,,,
,,,,,,,,,,,,,,,,,
,,,,,,,,,,,,,,,,,
,,,,,,,,,,,,,,,,,
,,,,,,,,,,,,,,,,,
,,,,,,,,,,,,,,,,,
,,,,,,,,,,,,,,,,,
,,,,,,,,,,,,,,,,,
,,,,,,,,,,,,,,,,,
,,,,,,,,,,,,,,,,,
,,,,,,,,,,,,,,,,,
,,,,,,,,,,,,,,,,,
,,,,,,,,,,,,,,,,,
,,,,,,,,,,,,,,,,,
,,,,,,,,,,,,,,,,,
,,,,,,,,,,,,,,,,,
,,,,,,,,,,,,,,,,,
,,,,,,,,,,,,,,,,,
,,,,,,,,,,,,,,,,,
,,,,,,,,,,,,,,,,,
,,,,,,,,,,,,,,,,,
,,,,,,,,,,,,,,,,,
,,,,,,,,,,,,,,,,,
,,,,,,,,,,,,,,,,,
,,,,,,,,,,,,,,,,,
,,,,,,,,,,,,,,,,,
,,,,,,,,,,,,,,,,,
,,,,,,,,,,,,,,,,,
,,,,,,,,,,,,,,,,,
,,,,,,,,,,,,,,,,,
,,,,,,,,,,,,,,,,,
,,,,,,,,,,,,,,,,,
,,,,,,,,,,,,,,,,,
,,,,,,,,,,,,,,,,,
,,,,,,,,,,,,,,,,,
,,,,,,,,,,,,,,,,,
,,,,,,,,,,,,,,,,,
,,,,,,,,,,,,,,,,,
,,,,,,,,,,,,,,,,,
,,,,,,,,,,,,,,,,,
,,,,,,,,,,,,,,,,,
,,,,,,,,,,,,,,,,,
,,,,,,,,,,,,,,,,,
,,,,,,,,,,,,,,,,,
,,,,,,,,,,,,,,,,,
,,,,,,,,,,,,,,,,,
,,,,,,,,,,,,,,,,,
,,,,,,,,,,,,,,,,,
,,,,,,,,,,,,,,,,,
,,,,,,,,,,,,,,,,,
,,,,,,,,,,,,,,,,,
,,,,,,,,,,,,,,,,,
,,,,,,,,,,,,,,,,,
,,,,,,,,,,,,,,,,,
,,,,,,,,,,,,,,,,,
,,,,,,,,,,,,,,,,,
,,,,,,,,,,,,,,,,,
,,,,,,,,,,,,,,,,,
,,,,,,,,,,,,,,,,,
,,,,,,,,,,,,,,,,,
,,,,,,,,,,,,,,,,,
,,,,,,,,,,,,,,,,,
,,,,,,,,,,,,,,,,,
,,,,,,,,,,,,,,,,,
,,,,,,,,,,,,,,,,,
,,,,,,,,,,,,,,,,,
,,,,,,,,,,,,,,,,,
,,,,,,,,,,,,,,,,,
,,,,,,,,,,,,,,,,,
,,,,,,,,,,,,,,,,,
,,,,,,,,,,,,,,,,,
,,,,,,,,,,,,,,,,,
,,,,,,,,,,,,,,,,,
,,,,,,,,,,,,,,,,,
,,,,,,,,,,,,,,,,,
,,,,,,,,,,,,,,,,,
,,,,,,,,,,,,,,,,,
,,,,,,,,,,,,,,,,,
,,,,,,,,,,,,,,,,,
,,,,,,,,,,,,,,,,,
,,,,,,,,,,,,,,,,,
,,,,,,,,,,,,,,,,,
,,,,,,,,,,,,,,,,,
,,,,,,,,,,,,,,,,,
,,,,,,,,,,,,,,,,,
,,,,,,,,,,,,,,,,,
,,,,,,,,,,,,,,,,,
,,,,,,,,,,,,,,,,,
,,,,,,,,,,,,,,,,,
,,,,,,,,,,,,,,,,,
,,,,,,,,,,,,,,,,,
,,,,,,,,,,,,,,,,,
,,,,,,,,,,,,,,,,,
,,,,,,,,,,,,,,,,,
,,,,,,,,,,,,,,,,,
,,,,,,,,,,,,,,,,,
,,,,,,,,,,,,,,,,,
,,,,,,,,,,,,,,,,,
,,,,,,,,,,,,,,,,,
,,,,,,,,,,,,,,,,,
,,,,,,,,,,,,,,,,,
,,,,,,,,,,,,,,,,,
,,,,,,,,,,,,,,,,,
,,,,,,,,,,,,,,,,,
,,,,,,,,,,,,,,,,,
,,,,,,,,,,,,,,,,,
,,,,,,,,,,,,,,,,,
,,,,,,,,,,,,,,,,,
,,,,,,,,,,,,,,,,,
,,,,,,,,,,,,,,,,,
,,,,,,,,,,,,,,,,,
,,,,,,,,,,,,,,,,,
,,,,,,,,,,,,,,,,,
,,,,,,,,,,,,,,,,,
,,,,,,,,,,,,,,,,,
,,,,,,,,,,,,,,,,,
,,,,,,,,,,,,,,,,,
,,,,,,,,,,,,,,,,,
,,,,,,,,,,,,,,,,,
,,,,,,,,,,,,,,,,,
,,,,,,,,,,,,,,,,,
,,,,,,,,,,,,,,,,,
,,,,,,,,,,,,,,,,,
,,,,,,,,,,,,,,,,,
,,,,,,,,,,,,,,,,,
,,,,,,,,,,,,,,,,,
,,,,,,,,,,,,,,,,,
,,,,,,,,,,,,,,,,,
,,,,,,,,,,,,,,,,,
,,,,,,,,,,,,,,,,,
,,,,,,,,,,,,,,,,,
,,,,,,,,,,,,,,,,,
,,,,,,,,,,,,,,,,,
,,,,,,,,,,,,,,,,,
,,,,,,,,,,,,,,,,,
,,,,,,,,,,,,,,,,,
,,,,,,,,,,,,,,,,,
,,,,,,,,,,,,,,,,,
,,,,,,,,,,,,,,,,,
,,,,,,,,,,,,,,,,,
,,,,,,,,,,,,,,,,,
,,,,,,,,,,,,,,,,,
,,,,,,,,,,,,,,,,,
,,,,,,,,,,,,,,,,,
,,,,,,,,,,,,,,,,,
,,,,,,,,,,,,,,,,,
,,,,,,,,,,,,,,,,,
,,,,,,,,,,,,,,,,,
,,,,,,,,,,,,,,,,,
,,,,,,,,,,,,,,,,,
,,,,,,,,,,,,,,,,,
,,,,,,,,,,,,,,,,,
,,,,,,,,,,,,,,,,,
,,,,,,,,,,,,,,,,,
,,,,,,,,,,,,,,,,,
,,,,,,,,,,,,,,,,,
,,,,,,,,,,,,,,,,,
,,,,,,,,,,,,,,,,,
,,,,,,,,,,,,,,,,,
,,,,,,,,,,,,,,,,,
,,,,,,,,,,,,,,,,,
,,,,,,,,,,,,,,,,,
,,,,,,,,,,,,,,,,,
,,,,,,,,,,,,,,,,,
,,,,,,,,,,,,,,,,,
,,,,,,,,,,,,,,,,,
,,,,,,,,,,,,,,,,,
,,,,,,,,,,,,,,,,,
,,,,,,,,,,,,,,,,,
,,,,,,,,,,,,,,,,,
,,,,,,,,,,,,,,,,,
,,,,,,,,,,,,,,,,,
,,,,,,,,,,,,,,,,,
,,,,,,,,,,,,,,,,,
,,,,,,,,,,,,,,,,,
,,,,,,,,,,,,,,,,,
,,,,,,,,,,,,,,,,,
,,,,,,,,,,,,,,,,,
,,,,,,,,,,,,,,,,,
,,,,,,,,,,,,,,,,,
,,,,,,,,,,,,,,,,,
,,,,,,,,,,,,,,,,,
,,,,,,,,,,,,,,,,,
,,,,,,,,,,,,,,,,,
,,,,,,,,,,,,,,,,,
,,,,,,,,,,,,,,,,,
,,,,,,,,,,,,,,,,,
,,,,,,,,,,,,,,,,,
,,,,,,,,,,,,,,,,,
,,,,,,,,,,,,,,,,,
,,,,,,,,,,,,,,,,,
,,,,,,,,,,,,,,,,,
,,,,,,,,,,,,,,,,,
,,,,,,,,,,,,,,,,,
,,,,,,,,,,,,,,,,,
,,,,,,,,,,,,,,,,,
,,,,,,,,,,,,,,,,,
,,,,,,,,,,,,,,,,,
,,,,,,,,,,,,,,,,,
,,,,,,,,,,,,,,,,,
,,,,,,,,,,,,,,,,,
,,,,,,,,,,,,,,,,,
,,,,,,,,,,,,,,,,,
,,,,,,,,,,,,,,,,,
,,,,,,,,,,,,,,,,,
,,,,,,,,,,,,,,,,,
,,,,,,,,,,,,,,,,,
,,,,,,,,,,,,,,,,,
,,,,,,,,,,,,,,,,,
,,,,,,,,,,,,,,,,,
,,,,,,,,,,,,,,,,,
,,,,,,,,,,,,,,,,,
,,,,,,,,,,,,,,,,,
,,,,,,,,,,,,,,,,,
,,,,,,,,,,,,,,,,,
,,,,,,,,,,,,,,,,,
,,,,,,,,,,,,,,,,,
,,,,,,,,,,,,,,,,,
,,,,,,,,,,,,,,,,,
,,,,,,,,,,,,,,,,,
,,,,,,,,,,,,,,,,,
,,,,,,,,,,,,,,,,,
,,,,,,,,,,,,,,,,,
,,,,,,,,,,,,,,,,,
,,,,,,,,,,,,,,,,,
,,,,,,,,,,,,,,,,,
,,,,,,,,,,,,,,,,,
,,,,,,,,,,,,,,,,,
,,,,,,,,,,,,,,,,,
,,,,,,,,,,,,,,,,,
,,,,,,,,,,,,,,,,,
,,,,,,,,,,,,,,,,,
,,,,,,,,,,,,,,,,,
,,,,,,,,,,,,,,,,,
,,,,,,,,,,,,,,,,,
,,,,,,,,,,,,,,,,,
,,,,,,,,,,,,,,,,,
,,,,,,,,,,,,,,,,,
,,,,,,,,,,,,,,,,,
,,,,,,,,,,,,,,,,,
,,,,,,,,,,,,,,,,,
,,,,,,,,,,,,,,,,,
,,,,,,,,,,,,,,,,,
,,,,,,,,,,,,,,,,,
,,,,,,,,,,,,,,,,,
,,,,,,,,,,,,,,,,,
,,,,,,,,,,,,,,,,,
,,,,,,,,,,,,,,,,,
,,,,,,,,,,,,,,,,,
,,,,,,,,,,,,,,,,,
,,,,,,,,,,,,,,,,,
,,,,,,,,,,,,,,,,,
,,,,,,,,,,,,,,,,,
,,,,,,,,,,,,,,,,,
,,,,,,,,,,,,,,,,,
,,,,,,,,,,,,,,,,,
,,,,,,,,,,,,,,,,,
,,,,,,,,,,,,,,,,,
,,,,,,,,,,,,,,,,,
,,,,,,,,,,,,,,,,,
,,,,,,,,,,,,,,,,,
,,,,,,,,,,,,,,,,,
,,,,,,,,,,,,,,,,,
,,,,,,,,,,,,,,,,,
,,,,,,,,,,,,,,,,,
,,,,,,,,,,,,,,,,,
,,,,,,,,,,,,,,,,,
,,,,,,,,,,,,,,,,,
,,,,,,,,,,,,,,,,,
,,,,,,,,,,,,,,,,,
,,,,,,,,,,,,,,,,,
,,,,,,,,,,,,,,,,,
,,,,,,,,,,,,,,,,,
,,,,,,,,,,,,,,,,,
,,,,,,,,,,,,,,,,,
,,,,,,,,,,,,,,,,,
,,,,,,,,,,,,,,,,,
,,,,,,,,,,,,,,,,,
,,,,,,,,,,,,,,,,,
,,,,,,,,,,,,,,,,,
,,,,,,,,,,,,,,,,,
,,,,,,,,,,,,,,,,,
,,,,,,,,,,,,,,,,,
,,,,,,,,,,,,,,,,,
,,,,,,,,,,,,,,,,,
,,,,,,,,,,,,,,,,,
,,,,,,,,,,,,,,,,,
,,,,,,,,,,,,,,,,,
,,,,,,,,,,,,,,,,,
,,,,,,,,,,,,,,,,,
,,,,,,,,,,,,,,,,,
,,,,,,,,,,,,,,,,,
,,,,,,,,,,,,,,,,,
,,,,,,,,,,,,,,,,,
,,,,,,,,,,,,,,,,,
,,,,,,,,,,,,,,,,,
,,,,,,,,,,,,,,,,,
,,,,,,,,,,,,,,,,,
,,,,,,,,,,,,,,,,,
,,,,,,,,,,,,,,,,,
,,,,,,,,,,,,,,,,,
,,,,,,,,,,,,,,,,,
,,,,,,,,,,,,,,,,,
,,,,,,,,,,,,,,,,,
,,,,,,,,,,,,,,,,,
,,,,,,,,,,,,,,,,,
,,,,,,,,,,,,,,,,,
,,,,,,,,,,,,,,,,,
,,,,,,,,,,,,,,,,,
,,,,,,,,,,,,,,,,,
,,,,,,,,,,,,,,,,,
,,,,,,,,,,,,,,,,,
,,,,,,,,,,,,,,,,,
,,,,,,,,,,,,,,,,,
,,,,,,,,,,,,,,,,,
,,,,,,,,,,,,,,,,,
,Organiser-201,before,organiser,smiling,"Welcome to {France}, my second homeland! Great adventures lie ahead, just help people and people will help you!",You visit here a lot?,,:),,wine glass,wine,,,109,21,Your first task is getting me some wine ,Great choice!
,,,,,,"Second homeland, huh?",,:/,like,,,,,0,21,,
,,,organiser,smiling,I'm actually half French. That's why I can also teach you a traditional {French recipe} passed from generation to generation!,"Oh, that's amazing!",,:D,like,,,:),,123,19,,
,,,,,,What's the catch?,,:(,,,,:D,,0,17,,
,,,organiser,smiling,"Of course, a family heirloom isn't something I'll part with easily, first you'll have to prove you're good for this job!",Can do!,,^^,like,,,^^,,120,7,,
,,,,,,It's never easy,,:(,dislike,,,:(,,0,15,,
,,,organiser,smiling,"While you're looking around, could you get me some wine and a glass, please? They're easy to find around here! ","Of course, it's wine country!",,:),like,,,:/,,111,29,,
,,,,,,Time for some busy work,,:(,like,,,:'(,,0,23,,
,,,,,,,,,,,,,,,,,
,,after,organiser,smiling,"Excellent! See, it's no big deal to find wine around here. You chose a great bottle too!",I did my very best,,:),,,,,,88,18,,
,,,,,,All wine tastes the same,,:/,,,,,,0,24,,
,,,,,,,,,,,,,,,,,
,Organiser-202,before,organiser,smiling,You really got off on the right foot! I can see I was right to choose you for this! ,"Ha-ha, thank you",,:),like,sun umbrella,,,,84,16,Cool shade makes cool producers,Now I hope I'll stop this sweating
,,,,,,You're quick to judge,,:(,like,,,,,0,21,,
,,,organiser,normal,"I have another task for you. It might seem dull, but it's a great chance for you to walk around and meet locals.",Great then,,:),like,,,,,112,10,,
,,,,,,Really?..,,:/,,,,,,0,9,,
,,,organiser,normal,"I need an umbrella to hold off the summer sun. If you get one, I'll be in much better mood, and you need me in a good mood.",You're right,,:),like,,,,,123,12,,
,,,,,,What about my mood?,,:(,dislike,,,,,0,19,,
,,,,,,,,,,,,,,,,,
,Organiser-203,before,organiser,smiling,"So, now that you proved yourself worthy let's try something more exciting: let's help out the locals!",Let's do it!,,^^,like,medicine,,,,101,12,Giving a helping hand to locals is a very important part of your job,Doesn't helping people feel great?
,,,,,,"Very ""exciting""",,:/,dislike,,,,,0,15,,
,,,organiser,normal,You might've noticed there's something wrong with the lavender fields. I asked around and it seems some kind of bug is to blame,"Yes, I noticed",,:),dislike,,,,,127,14,,
,,,,,,That's so awful!,,:'(,like,,,,,0,16,,
,,,organiser,normal,"People say that if they only had some special plant medicine, they could restor the fields. So, let's get some!",Let's heal some purple plants!,,:),like,,,,,111,30,,
,,,,,,"Fine, whatevs",,:(,,,,,,0,13,,
,,,,,,,,,,,,,,,,,
,,after,organiser,normal,There's another person you could help. A famous truffle supplier lives nearby. I heard there's something troubling her these days.,I think I could try,,:),,,,,,130,19,,
,,,,,,What's in it for me?,,:(,,,,,,0,20,,
,,,organiser,normal,"She can definitely share some great recipes if you help her out. Her name's Monique, by the way.",I'll go talk to her,,:),,,,,,96,19,,
,,,,,,...,,:(,,,,,,0,3,,
,,,,,,,,,,,,,,,,,
,Supplier-201,before,supplier,crying,"Ohhh my poor piggy! Wait, who are you, what do you want? Read the sign, we’re closed. Piggy crisis!","I understand, but I wanted to talk",,:),dislike,blanket,pillow,,,99,34,Bonbon is freezing his chops off! ,"Oh, you're a true savior!"
,,,,,,"Oh, I am so sorry!",,:'(,like,,,,,0,18,,
,,,supplier,crying,"Whatever you need! Bonbon‘s health is my only concern right now. He is terribly, terribly sick. Go away!",Maybe I can help?,,:),like,,,,,104,17,,
,,,,,,Poor piggy! Let me help!,,:'(,like,,,,,0,24,,
,,,supplier,sad,"Oh, you really want to help? That's so sweet of you! What did you say your name was?",*name*,,:),,,,,,84,6,,
,,,,,,,,,,,,,,0,0,,
,,,supplier,sad,"Thank you, *name*! Could you get my little Bonbon a blanket and a pillow? I’d go myself, but I can’t leave him, I just can’t!","Sure, don’t worry!",,^^,like,,,,,125,18,,
,,,,,,What happened to Indépendance?,,:(,dislike,,,,,0,30,,
,,,,,,,,,,,,,,,,,
,Supplier-202,before,supplier,crying,"My Bonbon is warm now, but he's still sick! I don’t know what to do! I’m going to faint, mon dieu!",I can help him!,,^^,like,medicine,,,,98,15,"Ohhh hurry, please, save his bacon!",I hope this medicine works!
,,,,,,Don't faint. Please. ,,:(,like,,,,,0,21,,
,,,supplier,crying,"How? Oh, what if he’s dying? What am I gonna do without my piggy petit pois! I’ll die too!","No-no, he’ll be alright!",,^^,like,,,,,90,24,,
,,,,,,That's the spirit...,,:/,,,,,,0,20,,
,,,supplier,crying,"Maybe… I know! We should get him some medicine. That'll help, I hope. I can only hope now!",I’ll get the medicine!,,:),like,,,,,90,22,,
,,,,,,Genius solution...,,:/,like,,,,,0,18,,
,,,,,,,,,,,,,,,,,
,,after,supplier,sad,You brought the medicine? Thank you so so much! I hope it works and Bonbon is back to his lively self again!,I hope so too,,:),,,,,,108,13,,
,,,,,,It'll break my heart if it doesn't,,:'(,,,,,,0,34,,
,,,,,,,,,,,,,,,,,
,Supplier-203,before,supplier,happy,"Oh, Bonbon seems to be feeling better! Thank you so much! What would I have done without you. You saved my baby!",I am glad to hear that,,:D,like,lavander,fruits,medicine,,112,22,Did you get the ingredients? Bonbon is hungry!,Looks yammy!
,,,,,,"Oh, finally!",,:(,like,,,,,0,12,,
,,,supplier,smiling,"But I think now that he’s recovering, we should help him get better",How can we do that?,,:),like,,,,,67,19,,
,,,,,,Didn't we just now?,,:(,dislike,,,,,0,19,,
,,,supplier,smiling,He needs more nutrients! We need to cook up my special piggy food for him. Would you bring some ingredients?,Of course,,:),like,,,,,108,9,,
,,,,,,What can I say...,,:(,,,,,,0,17,,
,,,,,,,,,,,,,,,,,
,,after,supplier,happy,"Very nice! Now'll brew a health potion for my sweet baby and he's gonna be all recovered, my brioche délicieux!",That's wonderful!,,:D,,,,,,111,17,,
,,,,,,...,,:(,,,,,,0,3,,
,,,,,,,,,,,,,,,,,
,Organiser-204,before,organiser,smiling,"Well, we've been doing a great job so far, but now I'll have to leave you on your own for a bit. ",Why so?,,:),,mosquito spray,"Well, we've been doing a great job so far, but now I'll have to leave you on your own for a bit. ",,,97,7,"The allergy is horrible, believe me","You got the spray, I'm saved!"
,,,,,,Finally! Something happened?,,:(,,,,,,0,28,,
,,,organiser,normal,"I am going to a picnic with some of my local friends. I'd really appreciate if you help me prepare, I'll give you another recipe in exchange ",What do you need?,,:),like,,"I am going to a picnic with some of my local friends. I'd really appreciate if you help me prepare, I'll give you another recipe in exchange ",,,141,17,,
,,,,,,Mmm fair exchange,,:/,dislike,,,,,0,17,,
,,,organiser,normal,"First and foremost, I need a mosquito spray. I have a horrible allergy, aching all over, you know",I see,,:),,,,,,97,5,,
,,,,,,Spare me the details,,:(,,,,,,0,20,,
,,,,,,,,,,,,,,,,,
,Organiser-205,before,organiser,normal,"Now, I need one last thing, and you can fly free, for a while at least. ",I'm listening,,:),,picnic basket,,,,72,13,"I am going for a picnic, so I need all the picnic stuff","Well, I suppose that's what I meant"
,,,,,,I can't wait,,:(,like,,,,,0,12,,
,,,organiser,normal,"Well, it's a picnic, so I need a picnic basket, right? Could you get me one of those nice things stuffed with everything for a picnic","Yes, I know what you mean",,:),like,,,,,133,25,,
,,,,,,"Picnic-y stuff, got it",,:/,like,,,,,0,22,,
,,,,,,,,,,,,,,0,0,,
,,after,organiser,smiling,"I should get going very soon, but first a piece of advice: talk to Claude Lacroix",Who's that?,,:),,,,,,81,11,,
,,,,,,La-what?,,:(,,,,,,0,8,,
,,,organiser,normal,He's a renowned restaurant critic and a champion of fine cuisine. Making his acquaintance will definitely help you in the future. ,I'll try to make a good impression,,^^,,,,,,130,34,,
,,,,,,I doubt that,,:(,,,,,,0,12,,
,,,,,,,,,,,,,,,,,
,ShadyGuy-201,before,shadyguy,frowning,"So, you say you're an aspiring food blogger? Good for you, but, sorry to say, you're too small a fish for me",I am quite good,,^^,dislike,tablecloth,,,,108,15,"This bread was really great, we need to restore the mill. Let's throw a dinner.","A decent tablecloth, not bad, *name*"
,,,,,,I'll go then,,:(,,,,,,0,12,,
,,,shadyguy,normal,"On second thought, I could use your help. I'm here on a mission of sorts. Have you noticed the mill by the village?",Of course I did,,:),like,,,,,115,15,,
,,,,,,Barely,,:(,dislike,,,,,0,6,,
,,,shadyguy,normal,"It used to make excellent lavender bread, but the enterprise went bankrupt. I invited some potential sponsors for a dinner to revive it.",Why?,,:),,,,,,136,4,,
,,,,,,What do you care?,,:(,dislike,,,,,0,17,,
,,,shadyguy,normal,"Let's say I am fond of good food. Anyway, I need some tablecloth for this occasion. You could help if you want my attention. ",Thank you for trusting me,,:D,dislike,,,,,125,25,,
,,,,,,...,,:(,,,,,,0,3,,
,,,,,,,,,,,,,,,,,
,ShadyGuy-202,before,shadyguy,smiling,"Well, considering you're willing to help - a quality so rare these days - I am willing to change my attitude. ",Thank you so much!,,:D,dislike,cutlery,service,,,110,18,"This mill is important for local economy and taste culture, so the dinner must be top notch.","An excellent choice of plate pattern, *name*"
,,,,,,Late recognition is better then nothing,,:(,,,,,,0,39,,
,,,shadyguy,smiling,"I'll even teach you some recipes I learned during my long and varied career. But you'll have to help me too, that's called quid pro quo. ",Quid pro quo then,,:),like,,,,,137,17,,
,,,,,,I know what it means,,:(,like,,,,,0,20,,
,,,shadyguy,normal,"For this dinner we're organizing, we need cutlery and a service. I trust you to handle that. ",Thank you ,,:),like,,,,,93,10,,
,,,,,,Trust huh,,:/,,,,,,0,9,,
,,,,,,,,,,,,,,,,,
,ShadyGuy-203,before,shadyguy,smiling,"You see, *name*, we're almost ready for this dinner that will redefine the history of this region's gastronomy for years.",Amazing news!,,:D,like,wine glasses,,,,121,13,"We're almost ready to begin this dinner, that will stay in history",Very nice!
,,,,,,Presumptuous,,:/,,,,,,0,12,,
,,,shadyguy,normal,Be proud to assist in something actually important! Get me a few wine glasses for my guests. We're going to drink Chateau Margaux,For such wine - best glasses only,,:),like,,,,,129,33,,
,,,,,,Drink what?,,:(,dislike,,,,,0,11,,
,,,,,,,,,,,,,,,,,
,,after,shadyguy,normal,"Thanks a lot for your help, allow me to apologize for my rude behavior before. You're a very talented young lady.",That's a high praise ,,:),,,,,,113,21,,
,,,,,,Of course you changed your mind,,:(,,,,,,0,31,,
,,,shadyguy,smiling,"We did great work today. I promise you, very soon you'll see this mill's blades moving again!",I'm sure you're right,,^^,,,,,,93,21,,
,,,,,,We'll see,,:(,,,,,,0,9,,
,,,,,,,,,,,,,,,,,
,Supplier-204,before,supplier,happy,I am so happy that my cute little Bonbon is happy and healthy again. Look at his cute pink cheeks!,"Oh, so sweet!",,:D,like,pig costume,,,,98,13,"Get my baby a cute costume, please","This is so cute, I love it!"
,,,,,,"It looks fine, I guess",,:(,like,,,,,0,22,,
,,,supplier,happy,"We have to dress him up, so he's even cuter! I already imagine the cuteness, si joli! ","Yes, I can see it too, super cute!",,:D,like,,,,,86,34,,
,,,,,,"Yeah, pig in a coat, what could be cuter",,:/,dislike,,,,,0,40,,
,,,supplier,smiling,"Don't worry, I know you're a busy girl, so I'll teach you a recipe if you help me. I'll let you pet Bonbon a bit too!",I love to help,,^^,like,,,,,117,14,,
,,,,,,I'd rather not pet it,,:(,dislike,,,,,0,21,,
,,,,,,,,,,,,,,,,,
,Supplier-205,before,supplier,smiling,"Look, look, he looks so sweet in this costume, mon brioche délicieux",Totally adorable!,,:D,like,bow,,,,68,17,"More cuteness, we need more cuteness!",That's a total cuteness overload!
,,,,,,If you say so,,:(,,,,,,0,13,,
,,,supplier,smiling,"Yet I feel there's something missing. We can make him even more adorable, don't you think? ","Yes, definitely!",,^^,like,,,,,91,16,,
,,,,,,More?!,,:/,dislike,,,,,0,6,,
,,,supplier,smiling,I know! A cute little bow is exactly what he needs. This will make him just irresistibly adorable!,Let's do that!,,^^,like,,,,,98,14,,
,,,,,,What exactly do you plan to do with it?,,:(,like,,,,,0,39,,
,,,,,,,,,,,,,,,,,
,Supplier-206,before,supplier,smiling,Now that Bonbon is so-so adorable we just have to preserve this image of his forever.,Nice idea,,:),like,DSLR,,,,85,9,I'm so anxious to take photos of my Bonbon!,"Wonderful! Here, get the recipe!"
,,,,,,What do you even mean?,,:(,,,,,,0,22,,
,,,supplier,happy,I want to take lots and lots of photos of him today to celebrate his recovery! Will you help me?,Of course,,:),like,,,,,96,9,,
,,,,,,How exactly?,,:(,,,,,,0,12,,
,,,supplier,normal,"I don't have a proper camera, you know, just some crappy one. This moment is worth quality shots.",You're right!,,:D,like,,,,,97,13,,
,,,,,,Seriously?,,:/,dislike,,,,,0,10,,
,,,,,,,,,,,,,,,,,
,,after,supplier,happy,"Thank you so so much for all the help! I hope you enjoy this recipe, it's one of my favorites. Cook it a lot, won't you?",Of course I will!,,:D,,,,,,120,17,,
,,,,,,I'll take your word for it,,:(,,,,,,0,26,,
,,,,,,,,,,,,,,,,,
,ShadyGuy-204,before,shadyguy,concerned,"Oh, you again. Come here, *name*. I have something I want to ask of you.",Yes?,,:),like,iphone pin,wine,wine glass,,72,4,I can't handle this phone problem without some calming wine.,"I hope I can handle it now. Here, take this for your troubles."
,,,,,,Again?,,:(,,,,,,0,6,,
,,,shadyguy,irritated,"Do you have any technical expertise? There's something wrong with my phone, I can't wrap my mind around it.","I'm sorry, I can't help",,:),dislike,,,,,107,23,,
,,,,,,I know the pain,,:(,like,,,,,0,15,,
,,,shadyguy,irritated,"That's a pity, really. Could you bring me a pin to open the card slot at least? And some wine, that's for my nerves. ","Sure, good luck!",,^^,,,,,,117,16,,
,,,,,,"Well, fine",,:(,,,,,,0,10,,
,,,,,,,,,,,,,,,,,
,ShadyGuy-205,before,shadyguy,smiling,I finally managed to get my phone to work and received the important call I've been waiting for. I have magnifique news!,What news?,,:),like,saw,shovel,,,120,10,"This is a historic event, so we need to prepare!","Very good, thank you. Now the villagers can get to work"
,,,,,,Huh?,,:(,,,,,,0,4,,
,,,shadyguy,happy,A famous baker from Paris is going to come here to inspect the mill and its lavender bread. Perhaps he'll buy it for his restaurant!,That's so great!,,:D,like,,,,,132,16,,
,,,,,,So what?,,:(,dislike,,,,,0,8,,
,,,shadyguy,normal,We have to prepare for his visit. This village doesn't look festive enough! I already arranged with the locals to improve this situation.,Can I help in any way?,,:),like,,,,,137,22,,
,,,,,,So you don't need me?,,:(,dislike,,,,,0,21,,
,,,shadyguy,normal,What I need from you are saws and shovels for the workers! S'il vous plaît!,Got it!,,:),like,,,,,75,7,,
,,,,,,Oh my...,,:(,,,,,,0,8,,
,,,,,,,,,,,,,,,,,
,ShadyGuy-206,before,shadyguy,smiling,"While the locals are working, we have to get to work too! We need to beautify this place!",What shall we do?,,:),like,garland,,,,89,17,The idea to decorate this village with garlands is excellent! And entirely mine. ,"Oh, so fresh!"
,,,,,,Strange vocabulary,,:(,,,,,,0,18,,
,,,shadyguy,normal,"I am thinking flower garlands. If we make them out of lavender, it'll emphasize the specialty of this beautiful region.","Wow, so unique!",,:D,dislike,,,,,119,15,,
,,,,,,"Oh, that's so ""unique""",,:/,dislike,,,,,0,22,,
,,,,,,,,,,,,,,0,0,,
,,after,shadyguy,happy,"Excellent! Now we only have to put these garlands on, and this place will evoke a magical feeling! Come and check it out later. ",I definitely will,,:D,,,,,,128,17,,
,,,,,,You wish,,:(,,,,,,0,8,,
,,,,,,,,,,,,,,,,,
,ShadyGuy-207,before,shadyguy,irritated,"You know, I was examining the venue we're to meet with the patissier in, and it just won't do!",Why so?,,:),,comfortable chair,,,,94,7,We can't greet an esteemed guest with these chairs!,You saved the day! Merci beaucoup!
,,,,,,What did you expect?,,:/,like,,,,,0,20,,
,,,shadyguy,irritated,All the furniture is of questionable quality! What to expect of a village! Yet the chairs are the worst.,What difference do chairs make?,,:),dislike,,,,,104,31,,
,,,,,,"That's bad, right?",,:'(,dislike,,,,,0,18,,
,,,shadyguy,irritated,"Please, do something about the chairs! We need comfortable chairs. When people are comfortably seated they're more inclined to negotiate. ","Of course, count on me",,^^,like,,,,,138,22,,
,,,,,,Ugrh!,,:(,,,,,,0,5,,
,,,,,,,,,,,,,,,,,
,Supplier-207,before,supplier,smiling,"Hello, *name*! How's your day? Mine is totally great: we're going truffle hunting with Bonbon! He's a truffle hog, you know!","Wow, really!?",,:D,like,knitting needles,,,,124,13,Do you knit? I love knitting! I knit hats for Bonbon. ,"Oh, thank you, you're a real friend!"
,,,,,,"A hog, huh?",,:/,dislike,,,,,0,11,,
,,,supplier,smiling,"Yes, and we're going to the forest. The key to supplying the best truffles is picking them yourself.",That's right,,:),like,,,,,100,12,,
,,,,,,...,,:(,,,,,,0,3,,
,,,supplier,smiling,"That's a long road, however, I'll need a distraction. Could you bring me knitting needles? And I'll teach you an excellent truffle recipe!",Mmm sounds yummy!,,:D,like,,,,,138,17,,
,,,,,,I prefer chocolate truffles...,,:(,like,,,,,0,30,,
,,,,,,,,,,,,,,,,,
,Supplier-208,before,supplier,normal,Have you seen weather forecast? Apparently it's gonna be extremely hot and sunny in the next few days!,I haven't heard,,:),,mosquito spray,hat,,,102,15,I hope the heat won't stop us from picking lots of truffles,What a pretty hat!
,,,,,,So?,,:(,,,,,,0,3,,
,,,supplier,concerned,This means I'll need a hat when truffle hunting. Sunstroke is a real danger!,True.,,:),like,,,,,76,5,,
,,,,,,"Sunstroke, hm",,:/,,,,,,0,13,,
,,,supplier,normal,"Could you help me with the hat? And also find some mosquito spray for me, alright? I'll make it worth your while.",Don't worry about that,,^^,like,,,,,113,22,,
,,,,,,"Make it so, please",,:(,like,,,,,0,18,,
,,,,,,,,,,,,,,0,0,,
,,after,supplier,smiling,"Thank you so much, for everything. I'm so happy I met you. I hope you like the recipes I taught you.",I'm happy I met you too,,:D,,,,,,100,23,,
,,,,,,Likewise and all,,:(,,,,,,0,16,,
,,,supplier,smiling,"Now it's time for me and Bonbon to get going. Truffles await! Goodbye, name, I hope we meet again! And good luck with your blog!",Good luck to you too!,,:D,,,,,,128,21,,
,,,,,,"I don't need luck, I'm fabulous",,:(,,,,,,0,31,,
,,,,,,,,,,,,,,,,,
,Organiser-206,before,organiser,happy,"I heard you helped Monique, so that she opened orders for truffles again! And you assisted Claude with that lavender bread deal.","Well, yes",,:),like,stage microphone,,,,128,9,Taking care of the sound quality in your videos is the top priority!,This is a great mic!
,,,,,,So?,,:(,,,,,,0,3,,
,,,organiser,happy,Amazing! You're so capable! This deal'll bring prosperity to the village; and everyone will be thrilled to hear Monique is back in business!,"Oh, I am glad to hear that",,:D,like,,,,,140,26,,
,,,,,,...,,:(,,,,,,0,3,,
,,,organiser,concerned,However I watched a bunch of your recent videos and I have to say you have to work on the sound.,What do you mean?,,:),dislike,,,,,96,17,,
,,,,,,Oh no!,,:'(,like,,,,,0,6,,
,,,organiser,normal,"I think you need a proper microphone to record the sound. If you get one, I'll connect it for you. ",Thank you!,,:),like,,,,,99,10,,
,,,,,,Fine,,:(,like,,,,,0,4,,
,,,,,,,,,,,,,,,,,
,Organiser-207,before,organiser,happy,"I have great news for you! Since you did so well here, I've arranged for you to go to Paris! ",Oh my god!!!!,,:D,like,mortar&pestle,plate,,,93,13,"Sorry, I can't tell you more about this experiment ",Thank you! This'll really help me. 
,,,,,,Wow... Paris..,,:/,like,,,,,0,14,,
,,,organiser,happy,"You'll be able to meet some of France's most prominent chefs and learn from them. Amazing, right?",AMAZING!,,:D,like,,,,,97,8,,
,,,,,,Not bad,,:/,like,,,,,0,7,,
,,,organiser,normal,"But before you go, could you do your benefactor one last favor? I am doing a little experiment, so I need a pestle and mortar and a plate. ",Sure,,:),,,,,,139,4,,
,,,,,,Hm,,:(,,,,,,0,2,,
,,,,,,,,,,,,,,0,0,,
,,after,organiser,normal,"Don't let me delay you any longer, it's your time to conquer Paris! ",And I will!,,^^,,,,,,68,11,,
,,,,,,"""Conquer""? I don't think so",,:/,,,,,,0,27,,
,Manager-301,before,manager,smiling,"Hello. So, you're *name*, food blogger, am I correct? It's nice to meet you. My name is Gabriel, I'm the owner of this restaurant.",Nice to meet you too. ,,:),,cooking kit,,,,130,22,Some administrative duties first,Great! You passed your first test. 
,,,,,,Hi.,,:(,,,,,,0,3,,
,,,manager,smiling,"Well, I received a word that you're interested in learning from us, especially from Enzo. That's an admirable goal.",Thank you,,:),,,,:),,115,9,,
,,,,,,Is it?,,:/,,,,:D,,0,6,,
,,,manager,normal,"I'll gladly let you intern here for a bit, especially if you advertise us in your blog. But before you get to the kitchen...",Yes?,,:),,,,^^,,124,4,,
,,,,,,...,,:(,,,,:(,,0,3,,
,,,manager,normal,We have a tradition: the new interns work with me for some time before they are allowed in the kitchen. So first get me some pots and pans.,"Alright, I will",,:),,,,:/,,139,15,,
,,,,,,I won't even ask,,:(,,,,:'(,,0,16,,
,,,,,,,,,,,,,,0,0,,
,,after,manager,normal,"Congratulations, you passed your first test! A good intern should carry out tasks without asking questions. ",That's right!,,:),,,,,,108,13,,
,,,,,,That's strange,,:(,,,,,,0,14,,
,,,,,,,,,,,,,,,,,
,Manager-302,before,manager,normal -> irritated ,"So now that you've shown your determination, let's proceed.. Wait... My mustache is crooked, isn't it?",It looks fine,,:),,moustache kit,,,,102,13,"We have to deal with this mustachtrophe, quickly!","Oh, thank you, now I can fix it!"
,,,,,,A bit?,,:(,,,,,,0,6,,
,,,manager,irritated ,Merde! Is that very bad? Do you have a pocket mirror by any chance? I need to see! ,"Sorry, no",,:),,,,,,83,9,,
,,,,,,Nothing like that,,:(,,,,,,0,17,,
,,,manager,irritated,"I don't have my mustache comb on me. Bring me a mustache care kit, please, I can't stand it when my mustache isn't in perfect order. ","Okay, fine",,:),,,,,,133,10,,
,,,,,,Whatever...,,:(,,,,,,0,11,,
,,,,,,,,,,,,,,0,0,,
,,after,manager,smiling,"Very good, *name*! You passed tests two and three. First, you've shown you're not that easy to take by surprise.","Ha-ha, so that was a test!",,:D,,,,,,112,26,,
,,,,,,And second?,,:(,,,,,,0,11,,
,,,manager,smiling,"Secondly, you demonstrated that you're a kind person and you're ready to help even if it is not part of your job. Excellent! ",Thank you!,,:D,,,,,,125,10,,
,,,,,,Are you sure it was a test?...,,:/,,,,,,0,30,,
,,,,,,,,,,,,,,,,,
,Manager-303,before,manager,happy,"Alright, enough with the tests! I just received extremely exciting news! ",What is it?,,:),,flower,,,,73,11,This is a great occasion we have to prepare to!,Very good. Let me and the waiters handle the rest.
,,,,,,How exciting?,,:(,,,,,,0,13,,
,,,manager,happy,An extremely famous American actress chose our restaurant for her dinner today. That shows how great our restaurant is!,"Wow, that's huge!",,:D,,,,,,119,17,,
,,,,,,I though it'd be the Queen,,:/,,,,,,0,26,,
,,,manager,happy,"We need to decorate before she arrives. Get me flowers, lots of flowers! It's extremely important, go go!",Understood!,,^^,,,,,,105,11,,
,,,,,,"Gone, babe...",,:(,,,,,,0,13,,
,,,,,,,,,,,,,,0,0,,
,,after,manager,smiling,It's time for you to go to the kitchen! Ask Enzo if he needs anything. He's in charge of the main jewel of our restaurant - the food! ,"Oh, I'm so honored!",,:D,,,,,,134,19,,
,,,,,,I hope it's less hard,,:/,,,,,,0,21,,
,,,,,,,,,,,,,,,,,
,Chef-301,before,chef,smiling,"Hello there! Nice to meet you, Gabriel told me a lot of good things about you, young lady. Welcome to my kitchen, the place where magic happens!",Real magic???,,:D,,cutting board,,,,144,13,"Please, help me do my magic!",Très bien! Now we can begin to wiz!
,,,,,,"Magic, huh?",,:/,,,,,,0,11,,
,,,chef,happy,"Real magic! A boring celery stick changes its texture, its taste, its flavor and becomes something different. Isn't that magic?","Yes, real culinary magic!",,:D,,,,,,127,25,,
,,,,,,I'd rather you pulled it out of a hat,,:(,,,,,,0,37,,
,,,chef,sad,"Unfortunately, we're not free from evil magic either. For example, my favorite cutting board just magically disappeared!",Oh my!,,:),,,,,,120,6,,
,,,,,,Magically...,,:/,,,,,,0,12,,
,,,chef,smiling,"I really need it to cook the most magnificent dinner for our esteemed guests, so please, bring me a new cutting board, alrighty? ","Yes, no problem",,^^,,,,,,129,15,,
,,,,,,Where's my magic wand?..,,:/,,,,,,0,24,,
,,,,,,,,,,,,,,,,,
,Chef-302,before,chef,sad,"Oh, look at that! I stained my snow-white apron! What's happening to me? I've become sloppy! Am I growing old? ","No-no, it can happen to anyone!",,^^,,toque,apron,,,111,31,I don't want to ruin the magic because of a stain!,"Wonderful, thank you! Now there's no way I spoil anything!"
,,,,,,"What are you, 45?",,:(,,,,,,0,17,,
,,,chef,irritated,"I can't work in a stained apron! I risk spoiling the food by a rogue aroma, or even spreading germs, oh gross!",That'd be bad,,:),,,,,,110,13,,
,,,,,,Rogue aroma????,,:/,,,,,,0,15,,
,,,chef,normal,"Please, get me a new apron, that's very important! And while you're at it, be so kind and get a cap as well. ",Okay,,:),,,,,,109,4,,
,,,,,,While I'm at it...,,:/,,,,,,0,18,,
,,,,,,,,,,,,,,,,,
,Chef-303,before,chef,smiling,"*name*, I have an announcement to make: I officially take you as my wizard apprentice! So I'll teach you my secret recipe!",I can't wait!,,:D,,spices,soup kit,,,122,13,Best Indian spices and the freshest beef bones - that's what I need!,Magnifique! Here's the recipe I promised you. 
,,,,,,Apprentice? ,,:/,,,,,,0,12,,
,,,chef,smiling,But first I need some ingredients of exceptional quality for the masterpiece I'm cooking today! Get me some spices and bones for the broth!,Just a moment!,,^^,,,,,,139,14,,
,,,,,,"First apprentice, now supplier...",,:/,,,,,,0,33,,
,,,,,,,,,,,,,,0,0,,
,,after,chef,smiling,"My apprentice, I am sorry to say, but we have to part now! Gabriel asked me to lend you to him, he needs some help. ","If he needs my help, I'll help",,:),,,,,,116,30,,
,,,,,,I'll be back,,:(,,,,,,0,12,,
,,,,,,,,,,,,,,,,,
,Manager-304,before,manager,smiling,"So, you met Enzo, right? You seemed somewhat overwhelmed. He's, how to put it, quite effervescent and it can be too much for some.",He's quite nice,,:),,puff,broom,,,130,15,I can see dust with my bare eyes!!!,"Great, let's get cleaning!"
,,,,,,That's a way to put it,,:(,,,,,,0,22,,
,,,manager,smiling,"I am glad you find him pleasant, I've had interns resigning after just a few hours of his magic talk. He's a good man, though.",He's great!,,:D,,,,,,126,11,,
,,,,,,They're weak,,:(,,,,,,0,12,,
,,,manager,normal,"Enough of that! We have a lot to do. For example, we need to clean up, and we're understaffed for the moment.",Understaffed? Why?,,:),,,,,,109,18,,
,,,,,,You? Understaffed!?,,:/,,,,,,0,19,,
,,,manager,irritated -> normal,"You know, sick leaves, maternity leaves, all these irritating things. Nonetheless, I need you to get some cleaning utensils, please. ",Count on me!,,^^,,,,,,133,12,,
,,,,,,"Oh, fine",,:(,,,,,,0,8,,
,,,,,,,,,,,,,,,,,
,Manager-305,before,manager,normal,"Now that we're done cleaning, it's time to think about our own appearances, don't you think?",I suppose it is,,:),,wax and brush,,,,92,15,Don't underestimate the power of polished shoes!,Let it shine!
,,,,,,"I look fine, you look fine",,:(,,,,,,0,26,,
,,,manager,normal,"All the waiters and kitchen staff should look stunning today, our reputation depends on it! Get me some shoe was and a brush!","Why, if you don't mind me asking?",,:),,,,,,125,33,,
,,,,,,Huh?,,:/,,,,,,0,4,,
,,,manager,normal,"Statistics show that people pay lots of attention to the others' shoes, so we need to make sure all the shoes here shine! ",Got it!,,:),,,,,,122,7,,
,,,,,,Strange statistics,,:(,,,,,,0,18,,
,,,,,,,,,,,,,,,,,
,Manager-306,before,manager,normal,"We made the first step and made sure all the shoes are polished, but that's not it!",Of course it's not,,:),,apron,,,,83,18,One can't be too careful when it comes to whitness!,Parfait! So white it's almost blinding!
,,,,,,It's not?,,:(,,,,,,0,9,,
,,,manager,concerned,"Just in case, I'd like to change all the waiters' aprons to perfectly clean new ones. The normal ones are clean too, but not clean enough!",The cleaner the better,,:),,,,,,138,22,,
,,,,,,"White is white, no?",,:/,,,,,,0,19,,
,,,manager,concerned,"Please, take care of this. I still have to brief the waiters on how important today is for the future of this temple of food!","Yes, go ahead",,:),,,,,,125,13,,
,,,,,,...,,:(,,,,,,0,3,,
,,,,,,,,,,,,,,0,0,,
,,after,manager,smiling,"This is all I needed you to do for now, but I'm sure Enzo can't wait to see his apprentice again! ",I'll go see him,,:),,,,,,98,15,,
,,,,,,I have a bad feeling ,,:(,,,,,,0,21,,
,,,,,,,,,,,,,,,,,
,Chef-304,before,chef,smiling,Here comes my beloved apprentice! Did Gabriel make you run around a lot? Poor you!,"It's fine, don't worry",,:),,hot sauce,,,,82,22,"Please, get me some hot sauce, I'm starving!","Oh, this smell, so good and appetizing!"
,,,,,,"Well, yeah",,:(,,,,,,0,10,,
,,,chef,smiling,"Ha-ha, I'm afraid I'm no better! It's a busy day today, *name*, so we're all running around. I haven't even had time for my lunch!",You should eat ,,:),,,,,,130,15,,
,,,,,,Neigher have I,,:(,,,,,,0,14,,
,,,chef,concerned,"Awful, being around all this food.. But I need hot sauce to eat, please, bring it, I can't leave the kitchen! ",I'll be right back,,^^,,,,,,110,18,,
,,,,,,Hot sauce?..,,:(,,,,,,0,12,,
,,,,,,,,,,,,,,0,0,,
,,after,chef,happy,"Now I can eat my hot-dogs, finally! Thank you, I'd have had starved to death if not for you!",You eat hot-dogs for lunch?,,:),,,,,,92,27,,
,,,,,,Hot-dogs? You?,,:/,,,,,,0,14,,
,,,chef,smiling,"Well, we all have our little weaknesses, don't we? Besides, these hot-dogs are otherworldly! ",You're funny,,:D,,,,,,93,12,,
,,,,,,You're weird,,:(,,,,,,0,12,,
,,,,,,,,,,,,,,,,,
,Chef-305,before,chef,angry,"Oh my god, while we were out for lunch someone broke into the restaurant and stole my cooking gear! ",What? Who? Why?,,:),,cooking kit,,,,100,15,"I knew Martine was evil, but I've never though her capable of something like that","My pans, my pots! What a relief!"
,,,,,,Oh no! How could it happen?,,:'(,,,,,,0,27,,
,,,chef,angry,"That must've been my sworn enemy, Chef Martine from the restaurant nearby, the evil witch! ",What should we do?,,:),,,,,,91,18,,
,,,,,,She seems to hold a grudge,,:(,,,,,,0,26,,
,,,chef,concerned,"Please, get me some new pots, pans and all that. Be swift, or we risk to be late with the dinner today! That's unacceptable!",Consider me back already,,^^,,,,,,124,24,,
,,,,,,I am not sure I can make it!,,:'(,,,,,,0,28,,
,,,,,,,,,,,,,,,,,
,Chef-306,before,chef,angry,"I can understand why they took my pans, but my scissors? How did they know I use them to peel shrimp and crayfish!? ",That's strange,,:),,scissors,,,,116,14,Were we cursed? It feels like someone suck out all my culinary magic!,"Oh good, now I can deal with that shrimp!"
,,,,,,It's common knowledge ,,:/,,,,,,0,22,,
,,,chef,scared,"It's not important who's to blame, though. I need those scissors, so, please, get them for me!!!","Yes, yes, don't panic",,:),,,,,,96,21,,
,,,,,,There's no need to shout,,:(,,,,,,0,24,,
,,,,,,,,,,,,,,0,0,,
,,after,chef,angry,"I can't stop thinking it might've been an inside job! Who could've done this, we're all like family here.... ",You're overthinking that,,:),,,,,,109,24,,
,,,,,,The closest ones are the worst,,:(,,,,,,0,30,,
,,,,,,,,,,,,,,,,,
,Chef-307,before,chef,sad,With this robbery and all I'm completely stressed out. Look: my hands are shaking! How am I to cook now?,Take a deep breath,,:),,headphones,,,,104,18,I can't go to the kitchen and cook in this emotional state!,"Oh, thank you. My music! "
,,,,,,I am shaking all over too!,,:'(,,,,,,0,26,,
,,,chef,sad,"I suppose some music could help me relax.. I don't have my headphones on me today, though. Get me headphones, please.","I'll help, don't worry",,^^,,,,,,117,22,,
,,,,,,Me again...,,:(,,,,,,0,11,,
,,,,,,,,,,,,,,0,0,,
,,after,chef,normal,"I calmed down a little bit already, I think now I can get to the kitchen and start preparing the dinner, thank you. ",You can do it!,,^^,,,,,,116,14,,
,,,,,,Just try not to cut yourself,,:(,,,,,,0,28,,
,,,,,,,,,,,,,,,,,
,Manager-307,before,manager,,This robbery is just crazy business. I couldn't even imagine someone will dare do something like that!,That's so strange!,,:),,box,,,,102,18,Why rob someone at all if you just leave the mess?.,"Oh great, now we can clean the mess up"
,,,,,,Competition seems hursh ,,:(,,,,,,0,24,,
,,,manager,,"Fortunately nothing else is missing! The robbers made quite a mess, though. What were they looking for, I wonder.",I don't know,,:),,,,,,113,12,,
,,,,,,Call the authorities,,:(,,,,,,0,20,,
,,,manager,,"We can't call the police, what a pity! They'd make us close up for today, and that's not an option. ",You're right,,:),,,,,,100,12,,
,,,,,,Strange logic...,,:/,,,,,,0,16,,
,,,manager,,That's the drawback of our business. Enough about that. Could you bring me a box to clean up the mess? ,"If you need it, of course",,^^,,,,,,103,25,,
,,,,,,I still think we need the police,,:/,,,,,,0,32,,
,,,,,,,,,,,,,,,,,
,Manager-308,before,manager,irritated,What the...! My phone broke down! Can you imagine?,"Well, that happens a lot",,:),,new phone,,,,50,24,Making this call is my first priority!,"Thank you, you saved us again."
,,,,,,Everything lets us down!,,:'(,,,,,,0,24,,
,,,manager,angry,"That's just unacceptable, these modern electronics always let you down in the most crucial moment! ",I'm sure we can fix it,,^^,,,,,,99,22,,
,,,,,,It's Murphy's law ,,:(,,,,,,0,18,,
,,,manager,irritated,There's no time to fix it even! Could you get me a new phone? I have to make an extremely important call! ,"Yes, sure",,:),,,,,,106,9,,
,,,,,,A phone.. tricky!,,:(,,,,,,0,17,,
,,,,,,,,,,,,,,0,0,,
,,after,manager,normal,Now I'll be calling the mayor's office. We need the Tower to be all shiny and pretty earlier today for your guests!,You mean Eiffel Tower?,,:),,,,,,115,22,,
,,,,,,What Tower are we talking about?,,:(,,,,,,0,32,,
,,,manager,angry -> normal,"I mean the Eiffel Tower, of course! Oh, sorry, I'm a bit on edge with everything going on. Now let me make the call, please. ","That's fine, don't worry",,:),,,,,,125,24,,
,,,,,,"Please, compose yourself",,:(,,,,,,0,24,,
,,,,,,,,,,,,,,,,,
,Manager-309,before,manager,sorry,"I am sorry I snapped at you before, all this is quite unnerving. I know that as a manager I should be able to control myself better...",Don't worry about that,,:),,tailcoat,bowtie,,,134,22,With all this fuss around I completely forgot about my suit!,"Now I am ready, excellent!"
,,,,,,Just forget about that,,:(,,,,,,0,22,,
,,,manager,normal,I'm afraid I have to ask you to run a couple more errands for the restaurant. Is that alright?,"Yes, I want to help!",,^^,,,,,,94,20,,
,,,,,,"Well, I guess",,:(,,,,,,0,13,,
,,,manager,normal,"I completely forgot to take my tuxedo from the cleaners, and they're closed now. Could you find me a tuxedo? Don't forget a bow-tie too. ",A tuxedo? Not a problem!,,^^,,,,,,137,24,,
,,,,,,A tuxedo? That's problematic...,,:(,,,,,,0,31,,
,,,,,,,,,,,,,,,,,
,Manager-310,before,manager,normal,"Now, there's one last thing, and we're all ready. Will you take care of name cards to place on the tables? Make them luxurious, please. ",Alright,,:),,guest card,,,,136,7,"This cards will be right in front of the guests' eyes, so they must be extremely gorgeous","That's it, merci beaucoup!"
,,,,,,Cards... cards...,,:(,,,,,,0,17,,
,,,,,,,,,,,,,,0,0,,
,,after,manager,scared,That's a disaster! A recipe of the unique desert we were planing to cook today have disappeared! That must've been the thief! We're ruined!,How could it happen?,,:),,,,,,139,20,,
,,,,,,That's terrible news!,,:'(,,,,,,0,21,,
,,,souschef,smiling,"Excuse me, I have the recipe right here. I saw someone break into this restaurant, so I chased them and got this recipe back.",Wow!,,:D,,,,,,125,4,,
,,,,,,Hmm...,,:/,,,,,,0,6,,
,,,manager,happy,"That's amazing! You saved us, good sir, thank you so much! We're in your debt, how can we repay it?",...,,,,,,,,99,3,,
,,,,,,,,,,,,,,0,0,,
,,,souschef,smiling,"Actually.. I am opening my own little cafe nearby. I winder if you could help, you have so much experience after all! ",I'll help! ,,^^,,,,,,118,11,,
,,,,,,I suppose that's on me..,,:(,,,,,,0,24,,
,,,,,,,,,,,,,,,,,
,Souschef-301,before,souschef,happy,I am so happy you agreed to help me and even tasked one of your interns to assist me. I really don't deserve such kindness,...,,,,cooking kit,,,,122,3,"First to stock up the kitchen, right?",Are you reading my mind? That's exactly what I thought of!
,,,,,,,,,,,,,,0,0,,
,,,manager,smiling,"No-no, don't say that. You saved us, literally, and we, as gentlemen, have to repay you. Besides, *name* volunteered herself. ",I did indeed,,:),,,,,,126,12,,
,,,,,,"Well, kind of..",,:(,,,,,,0,15,,
,,,souschef,smiling,"Thank you, *name*. I haven't introduced myself properly, I'm Jules Beaufort, an aspiring restaurateur. Nice to meet you.",Nice to meet you too,,:),,,,,,120,20,,
,,,,,,Jules? I'll try to remember,,:(,,,,,,0,27,,
,,,souschef,nprmal,"Shall we begin then? Could you first get me some pots, pans and all this? We need to stock up the kitchen! ",No problem!,,^^,,,,,,107,11,,
,,,,,,You sound unsure...,,:/,,,,,,0,19,,
,,,,,,,,,,,,,,,,,
,Souschef-302,before,souschef,,"So, now that the kitchen is stocked, we need to take care of the pastry stands. It's gonna be just a small cafe, after all. ","Small, but great!",,:D,,pastry stand,,,,124,17,"Showcasing the deserts is very important for small cafes, right?",Tres bien! These are very pretty!
,,,,,,"Starting small, huh?",,:(,,,,,,0,20,,
,,,,,"Nothing fancy yet. I am just starting, after all. One day I'll own the best restaurant in France, but not just yet. ",You're ambitious,,:),,,,,,116,16,,
,,,,,,Good luck with that,,:(,,,,,,0,19,,
,,,,,,,,,,,,,,,,,
,Souschef-303,before,souschef,normal,"Well, even if we're gonna be small, we still have to have recognizable style. That's what they taught me in the business school",You went to a business school?,,:),,fancy napkin,,,,127,30,We need to think of this cafe as of a brand from the very beginning ,"This is a very creative logo, thank you"
,,,,,,Don't tell me you hold an MBA,,:(,,,,,,0,29,,
,,,souschef,normal,"That's right. I used to work in consulting, I am not even sure what I was doing there. One day I just snapped, bought this place and voila!",That's an inspiring story,,:D,,,,,,139,25,,
,,,,,,Shit happens...,,:/,,,,,,0,15,,
,,,souschef,normal,"That doesn't matter anymore, though! I'm a restaurateur now. As I said, we need a style. Let's start by getting some napkins with our logo. ",Great idea!,,:D,,,,,,140,11,,
,,,,,,Napkins? Logo? Complicated,,:(,,,,,,0,26,,
,,,,,,,,,,,,,,,,,
,Souschef-304,before,souschef,normal,"I almost forgot about one other thing. We need spices, that what the baker I hired told me. Apparently, they're used in baking",Didn't you know?,,:),,spices,,,,126,16,"I am not sure why exactly we need spices, but since we do, please get some",These actually have a very pleasant aroma
,,,,,,And you want to open a cafe?,,:(,,,,,,0,28,,
,,,souschef,smiling,"Don't judge me, please. I might've always loved food, but I'm new to the culinary world. That's why I count on you. ","Right, sorry, I'll be right back",,:),,,,,,116,32,,
,,,,,,I am still in doubt,,:(,,,,,,0,19,,
,,,,,,,,,,,,,,0,0,,
,,after,souschef,normal,"Thank you a lot. This is all for now. Besides, Mr. Enzo called and asked, I quote, his favorite apprentice to pay a visit to him. ",Ha-ha! I'll go then,,:D,,,,,,130,19,,
,,,,,,"Oh, not again...",,:(,,,,,,0,16,,
,,,,,,,,,,,,,,,,,
,Chef-308,before,chef,happy,"Congratulations, *name*! The dinner we all worked so hard to prepare was a complete success! ",Congratulations!,,:D,,champagne,,,,93,16,White magic won! Let's celebrate!,Oh wonderful! Cheers!
,,,,,,Not that I've been present,,:/,,,,,,0,26,,
,,,chef,sad -> smiling,"Oh, right, you didn't get to see the actress! I am so sorry, I bet you wanted to. Don't worry, you'll meet here, you're so gifted!",That's alright,,:),,,,,,130,14,,
,,,,,,I am not that optimistic,,:/,,,,,,0,24,,
,,,chef,happy,"We're celebrating here, so I wanted to ask something of you. Could you go get champagne? ","Cool, champagne!",,:D,,,,,,89,16,,
,,,,,,I'm turning into an errand girl...,,:(,,,,,,0,34,,
,,,,,,,,,,,,,,,,,
,Chef-309,before,chef,happy,"Ho-ho-ho, I am so happy, so uplifted! This was a great accomplishment for this restaurant!",Are you alright?,,:),,pastry stand,french bread,,,90,16,I love croissants!,Let's eat now!!! And here's a recipe for your great work!
,,,,,,You're drunk,,:(,,,,,,0,12,,
,,,chef,smiling,"You're right, I might've head too much champagne on empty stomach. Could you bring me some croissants? ","Yes, no problem",,^^,,,,,,103,15,,
,,,,,,Oh...,,:(,,,,,,0,5,,
,,,chef,smiling,"Oh, wait a moment! Bring a pastry stand as well, I can't eat myself and not share with my work family! ",That's right.,,:D,,,,,,103,13,,
,,,,,,Maaan....,,:(,,,,,,0,9,,
,,,,,,,,,,,,,,,,,
,Chef-310,before,chef,happy,"Oh, that was a great celebration! Don't you think?",Yes it is,,:),,napkin,broom,,,50,9,We need to clean up before Gabriel scolds us all to death.,"Great timing, now we'll get cleaning"
,,,,,,I haven't seen much,,:(,,,,,,0,19,,
,,,chef,smiling,"We definitely need to repeat it some day. But this place is a mess. That's a good thing Gabriel left earlier, he'd have been furious... ",Mess is easy to clean up,,^^,,,,,,136,24,,
,,,,,,And he'd have been right,,:(,,,,,,0,24,,
,,,chef,normal,We really need to clean up. It's a pity my wizardry doesn't work the way they write in books... So we need napkins and a broom. Please?,Fine,,:),,,,,,135,4,,
,,,,,,My life is pain,,:(,,,,,,0,15,,
,,,,,,,,,,,,,,,,,
,Chef-311,before,chef,normal,"*name*, come here for a second, I need to ask for your help again, but this time it's a secret.",Yes?,,:),,first aid kit,,,,95,4,I can't watch my subjects suffer,First aid kit is here? Great!
,,,,,,What now?,,:(,,,,,,0,9,,
,,,chef,normal,"Well, some of my dear apprentices seem to have had a bit too much and they're not feeling very well. The young, always so enthusiastic!",I understand,,:),,,,,,135,12,,
,,,,,,Enthusiastic... ,,:/,,,,,,0,16,,
,,,chef,normal,"I want to get them something from the, well, symptoms, but I don't want to put them in an uncomfortable position. ",You're so kind,,:),,,,,,114,14,,
,,,,,,They brough it on themselves,,:/,,,,,,0,28,,
,,,chef,normal,"So please, get me a first aid kit, just do it as discretely as possible. And don't tell Gabriel under any circumstances!",I won't,,:),,,,,,120,7,,
,,,,,,...,,:(,,,,,,0,3,,
,,,,,,,,,,,,,,0,0,,
,,after,chef,smiling,"You're a real treasure, *name*! Do you know that? I hope you succeed in your blogging, even though I'm not quite sure what it is. ",Thank you so much!,,:D,,,,,,130,18,,
,,,,,,I wish it was that easy,,:(,,,,,,0,23,,
,,,,,,,,,,,,,,,,,
,Souschef-305,before,souschef,happy,"Oh, I am so glad I returned! I am running off my feet here! I beg you to lend me a hand! We're almost ready for the opening after all.",Why so?,,:),,toque,apron,,,134,7,"Please, help me, I'll teach you a recipe, I promise. Any apron will do!","Oh, thank goodness! And thank you of course!"
,,,,,,Really?,,:/,,,,,,0,7,,
,,,souschef,concerned,"My patissiere says he can't work without apron and toque. I believe him, but I don't have any, and I don't have time.",I am busy too,,:),,,,,,117,13,,
,,,,,,"Not my problem, sorry",,:(,,,,,,0,21,,
,,,souschef,normal,"I am a businessman, so I know how it works. If you help me, I'll teach you a recipe I learned from my father. It's French classics!",That's a deal!,,^^,,,,,,131,14,,
,,,,,,"Fine, you get my help",,:(,,,,,,0,21,,
,,,,,,,,,,,,,,,,,
,Souschef-306,before,souschef,normal,"Man, there's so much to do in order to open up a cafe! I was less busy working in consulting, and that was hell, believe me.",Must be tough,,:),,eiffel tower,french flag,,,124,13,"Eiffel tower and flags aren't too much? No, I think not..",I really appriciate this
,,,,,,What were you expecting?..,,:/,,,,,,0,26,,
,,,souschef,normal,"I am so grateful to you. Even if you only do this to learn that recipe, you're really saving me right here.",I am actually glad to help,,:),,,,,,107,26,,
,,,,,,"Yes-yes, I get it",,:(,,,,,,0,17,,
,,,souschef,normal,I decided I need to decorate my cafe for the tourists. I calculate them to make up the majority of my future clientel.,That's a touristic place...,,:),,,,,,118,27,,
,,,,,,So?,,:(,,,,,,0,3,,
,,,souschef,normal,"I need an Eiffel tower figurine and a few French flags. Could you handle this, please? ","Yes, I can",,:),,,,,,87,10,,
,,,,,,"As long as I am rewarded, sure",,:(,,,,,,0,30,,
,,,,,,,,,,,,,,,,,
,Souschef-307,before,souschef,smiling,"Oh well, everything is ready for the opening night! This is gonna be something..",Why?,,:),,champagne kit,,,,80,4,"Champagne is classy, so we need champagne","Splendid! You have great taste in wine, *name*"
,,,,,,Is it?,,:(,,,,,,0,6,,
,,,souschef,normal,"I used my connections from the old job to invite some influential people in town, writers, critics, you know","Wow, cool!",,:D,,,,,,108,10,,
,,,,,,Connections are everything,,:/,,,,,,0,26,,
,,,souschef,concerned,I hope they give us good reviews. But I need to organize a proper reception. Could you help?,"Sure, what do you need?",,^^,,,,,,92,23,,
,,,,,,Help how?,,:(,,,,,,0,9,,
,,,souschef,concerned,"Great! Then first, please, get some champagne and ice buckets to serve it. This all should be as classy as possible. ",I'll look for something great,,^^,,,,,,117,29,,
,,,,,,"Classy, you say",,:/,,,,,,0,15,,
,,,,,,,,,,,,,,,,,
,Souschef-308,before,souschef,happy,"Congratulations, *name*, you and me did a great job! Basically, everything is ready to open. ",That's wonderful!,,:D,,tailcoat,bowtie,,,93,17,I just need to dress up and we get rolling!,"This color matches my eyes, I suppose"
,,,,,,Basically?,,:/,,,,,,0,10,,
,,,souschef,normal,"One last thing: I really need to dress up for tonight, don't you think? I like my casual style, but this is a classy event.",You're right,,:),,,,,,123,12,,
,,,,,,Obviously,,:(,,,,,,0,9,,
,,,souschef,normal,"Please, get me some fancy suit. I think a tuxedo will do best. ","Well, alright",,:),,,,,,63,13,,
,,,,,,You owe me already,,:(,,,,,,0,18,,
,,,,,,,,,,,,,,0,0,,
,,after,souschef,smiling,"Thank you a lot. I know I said that before, but I really don't know how I'd have managed without you. ","No-no, it's nothing",,:),,,,,,102,19,,
,,,,,,I deserved that,,:(,,,,,,0,15,,
,,,souschef,smiling,"I want to invite you to this opening night too. Dress up nicely and come join me.We're a friends, after all. ",Sure we are!,,:D,,,,,,109,12,,
,,,,,,Are we?,,:/,,,,,,0,7,,
,,,souschef,smiling,"However, I must say, if you mention my humble establishment in your blog, I'll really appreciate it. ",Anything for a friend,,:D,,,,,,101,21,,
,,,,,,So that's what it's about,,:/,,,,,,0,25,,
