HEADER,ID,NAME,CHAPTER,QUEST_CHAIN,ITEM 1,AMOUNT 1,ITEM 2,AMOUNT 2,ITEM 3,AMOUNT 3,GOLD_REWARD,ENERGY_REWARD,REQUIRED_QUESTS,REQUIRED_REGION,REQUIRED_MISSION
,20101,Organiser-201,2,1,Wine,1,Wine glass,1,,,0,10,,,22
,20102,Organiser-202,2,2,Sun umbrella,1,,,,,0,10,Organiser-201,,
,20103,Organiser-203,2,3,Medicine,1,,,,,0,10,Organiser-202,,
,20201,Supplier-201,2,4,Pillow,1,Blanket,1,,,0,10,Organiser-203,,
,20202,Supplier-202,2,5,Medicine,1,,,,,0,10,Supplier-201,,
,20203,Supplier-203,2,6,Fruits,2,Lavander,2,Medicine,1,0,10,Supplier-202,,
,20301,Organiser-204,2,7,Mosquito spray,1,,,,,0,10,Supplier-203,,
,20302,Organiser-205,2,8,Picnic basket,1,,,,,0,10,Organiser-204,,
,20401,ShadyGuy-201,2,9,Tablecloth,2,,,,,0,10,Organiser-205,,
,20402,ShadyGuy-202,2,10,Cutlery,2,Service,1,,,0,10,ShadyGuy-201,,
,20403,ShadyGuy-203,2,11,Wine glass,2,,,,,0,10,ShadyGuy-202,,
,20501,Supplier-204,2,12,Pig costume,1,,,,,0,10,ShadyGuy-203,,
,20502,Supplier-205,2,13,Bow,1,,,,,0,10,Supplier-204,,
,20503,Supplier-206,2,14,DSLR,1,,,,,0,10,Supplier-205,,
,20601,ShadyGuy-204,2,15,Iphone pin,1,Wine,1,Wine glass,1,0,10,Supplier-206,,
,20603,ShadyGuy-205,2,16,Saw,2,Shovel,2,,,0,10,ShadyGuy-206,,
,20602,ShadyGuy-206,2,17,Garland,1,,,,,0,10,ShadyGuy-204,,
,20604,ShadyGuy-207,2,18,Comfortable chair,1,,,,,0,10,ShadyGuy-205,,
,20701,Supplier-207,2,19,Knitting needles,1,,,,,0,10,ShadyGuy-207,,
,20702,Supplier-208,2,20,Hat,1,,,,,0,10,Supplier-207,,
,20801,Organiser-206,2,21,Stage microphone,1,,,,,0,10,Supplier-208,,
,20802,Organiser-207,2,22,Mortar and pestle,1,Plate,1,,,0,10,Organiser-206,,
,30101,Manager-301,3,23,Cooking kit,1,,,,,0,10,,,
,30102,Manager-302,3,24,Moustache kit,1,,,,,0,10,Manager-301,,
,30103,Manager-303,3,25,Flower,10,,,,,0,10,Manager-302,,
,30201,Chef-301,3,26,Cutting board,1,,,,,0,10,Manager-303,,
,30202,Chef-302,3,27,Toque,1,Apron,1,,,0,10,Chef-301,,
,30203,Chef-303,3,28,Spices,2,Soup kit,1,,,0,10,Chef-302,,
,30301,Manager-304,3,29,Puff,2,Broom,2,,,0,10,Chef-303,,
,30302,Manager-305,3,30,Wax and brush,1,,,,,0,10,Manager-304,,
,30303,Manager-306,3,31,Apron,6,,,,,0,10,Manager-305,,
,30401,Chef-304,3,32,Hot sauce,1,,,,,0,10,Manager-306,,
,30402,Chef-305,3,33,Cooking kit,1,,,,,0,10,Chef-304,,
,30403,Chef-306,3,34,Scissors,1,,,,,0,10,Chef-305,,
,30404,Chef-307,3,35,Headphones,1,,,,,0,10,Chef-306,,
,30501,Manager-307,3,36,Box,1,,,,,0,10,Chef-307,,
,30502,Manager-308,3,37,New phone,1,,,,,0,10,Manager-307,,
,30503,Manager-309,3,38,Tailcoat,1,Bowtie,1,,,0,10,Manager-308,,
,30504,Manager-310,3,39,Guest card,3,,,,,0,10,Manager-309,,
,30601,Souschef-301,3,40,Cooking kit,2,,,,,0,10,Manager-310,,
,30602,Souschef-302,3,41,Pastry stand,5,,,,,0,10,Souschef-301,,
,30603,Souschef-303,3,42,Fancy napkin,2,,,,,0,10,Souschef-302,,
,30604,Souschef-304,3,43,Spices,2,,,,,0,10,Souschef-303,,
,30701,Chef-308,3,44,Champagne,2,,,,,0,10,Souschef-304,,
,30702,Chef-309,3,45,Pastry stand,1,French bread,5,,,0,10,Chef-308,,
,30703,Chef-310,3,46,Napkin,5,Apron,2,,,0,10,Chef-309,,
,30704,Chef-311,3,47,First-aid kit,1,,,,,0,10,Chef-310,,
,30801,Souschef-305,3,48,Apron,2,Toque,2,,,0,10,Chef-311,,
,30802,Souschef-306,3,49,Eiffel tower,3,French flag,3,,,0,10,Souschef-305,,
,30803,Souschef-307,3,50,Champagne kit,3,,,,,0,10,Souschef-306,,
,30804,Souschef-308,3,51,Tailcoat,1,Bowtie,1,,,0,10,Souschef-307,,
,40101,Celeb-401,4,52,Tank top,1,Jeans,1,,,0,10,,,
,40101,Celeb-402,4,53,Lemon juice,1,,,,,0,10,Celeb-401,,
,40101,Celeb-403,4,54,Fast-food,2,,,,,0,10,Celeb-402,,
,40201,Don-401,4,55,Book,5,,,,,0,10,Celeb-403,,
,40201,Don-402,4,56,Wrist pillow,1,,,,,0,10,Don-401,,
,40201,Don-403,4,57,Paint,5,,,,,0,10,Don-402,,
,40301,Celeb-404,4,58,Diary,1,,,,,0,10,Don-403,,
,40301,Celeb-405,4,59,Teddy bear,1,,,,,0,10,Celeb-404,,
,40301,Celeb-406,4,60,Envelope,1,Pen,1,Paper,3,0,10,Celeb-405,,
,40401,Business-401,4,61,Pen,1,Folder,1,,,0,10,Celeb-406,,
,40401,Business-402,4,62,Fancy dinner,1,,,,,0,10,Business-401,,
,40401,Business-403,4,63,Lamp,1,Pen,1,Paper,2,0,10,Business-402,,
,40401,Business-404,4,64,Jeans,1,Watch,1,,,0,10,Business-403,,
,40501,Celeb-407,4,65,Envelope,2,Paper,2,Pen,1,0,10,Business-404,,
,40501,Celeb-408,4,66,Lipstick,1,,,,,0,10,Celeb-407,,
,40501,Celeb-409,4,67,Book,1,Glasses,1,,,0,10,Celeb-408,,
,40501,Celeb-410,4,68,Dinner for two,1,,,,,0,10,Celeb-409,,
,40601,Don-404,4,69,Candles,2,Origami,3,,,0,10,Celeb-410,,
,40601,Don-405,4,70,Stylish lamp,2,,,,,0,10,Don-404,,
,40601,Don-406,4,71,Vase with paper flowers,1,,,,,0,10,Don-405,,
,40601,Don-407,4,72,Magazine,10,,,,,0,10,Don-406,,
,40701,Business-405,4,73,Chocolate,2,,,,,0,10,Don-407,,
,40701,Business-406,4,74,Glasses,1,Fast-food,1,,,0,10,Business-405,,
,40701,Business-407,4,75,Dinner for two,1,,,,,0,10,Business-406,,
,40701,Business-408,4,76,Ring,1,Perfume,1,,,0,10,Business-407,,
,40701,Business-409,4,77,Gift card,2,,,,,0,10,Business-408,,
,40801,Celeb-411,4,78,Paper flowers nacklace,1,,,,,0,10,Business-409,,
,40801,Celeb-412,4,79,Recorder,1,,,,,0,10,Celeb-411,,
,40801,Celeb-413,4,80,Makeup brush set,1,Mascara,1,Lipstick,1,0,10,Celeb-412,,
,40801,Celeb-414,4,81,Mask,2,,,,,0,10,Celeb-413,,
,50101,Gao-501,5,82,Scribe kit,1,,,,,0,10,,,
,50102,Gao-502,5,83,Computer,1,,,,,0,10,Gao-501,,
,50103,Gao-503,5,84,Decoder,1,,,,,0,10,Gao-502,,
,50104,Gao-504,5,85,Dragon,1,,,,,0,10,Gao-503,,
,50105,Gao-505,5,86,Tracking device,1,,,,,0,10,Gao-504,,
,50106,Gao-506,5,87,Dragon,5,,,,,0,10,Gao-505,,
,50201,Jones-501,5,88,Tools,1,,,,,0,10,Gao-506,,
,50202,Jones-502,5,89,Scroll,3,,,,,0,10,Jones-501,,
,50203,Jones-503,5,90,Scribe kit,1,,,,,0,10,Jones-502,,
,50204,Jones-504,5,91,Computer,1,,,,,0,10,Jones-503,,
,50205,Jones-505,5,92,Dictionary,3,,,,,0,10,Jones-504,,
,50206,Jones-506,5,93,Lantern,1,,,,,0,10,Jones-505,,
,50207,Jones-507,5,94,Computer upgrade,1,,,,,0,10,Jones-506,,
,50301,Historian-501,5,95,Scroll,1,,,,,0,10,Jones-507,,
,50302,Historian-502,5,96,Dragon,1,,,,,0,10,Historian-501,,
,50303,Historian-503,5,97,Chemical,2,,,,,0,10,Historian-502,,
,50304,Historian-504,5,98,Scroll,2,Scribe kit,1,Latex gloves,1,0,10,Historian-503,,
,50305,Historian-505,5,99,Decoder,1,,,,,0,10,Historian-504,,
,50306,Historian-506,5,100,Upgraded decoder,1,,,,,0,10,Historian-505,,
,50307,Historian-507,5,101,Scroll,3,Latex gloves,1,,,0,10,Historian-506,,
,50308,Historian-508,5,102,Computer,1,Dictionary,3,,,0,10,Historian-507,,
,50401,Jones-508,5,103,Rose bouquet,1,Scribe kit,1,,,0,10,Historian-508,,
,50402,Jones-509,5,104,Upgraded computer,1,,,,,0,10,Jones-508,,
,50403,Jones-510,5,105,Special chemical,1,,,,,0,10,Jones-509,,
,50404,Jones-511,5,106,Lantern,1,Upgraded tools,1,,,0,10,Jones-510,,
,50405,Jones-512,5,107,Ink,2,Latex gloves,1,,,0,10,Jones-511,,
,50406,Jones-513,5,108,Dragon,5,Tools,1,,,0,10,Jones-512,,
,50407,Jones-514,5,109,Chinese herbs,3,,,,,0,10,Jones-513,,
,50408,Jones-515,5,110,Metal,2,Tools,1,,,0,10,Jones-514,,
,50501,Gao-507,5,111,Looking glass,1,Scribe kit,1,,,0,10,Jones-515,,
,50502,Gao-508,5,112,Chip figurine,1,,,,,0,10,Gao-507,,
,50503,Gao-509,5,113,Wrapping paper,5,,,,,0,10,Gao-508,,
,50504,Gao-510,5,114,Encryptor,1,,,,,0,10,Gao-509,,
,50505,Gao-511,5,115,Incense,2,,,,,0,10,Gao-510,,
,50506,Gao-512,5,116,Chinese lantern,2,,,,,0,10,Gao-511,,
,50507,Gao-513,5,117,Rose,7,,,,,0,10,Gao-512,,
,50508,Gao-514,5,118,Jammer,1,,,,,0,10,Gao-513,,
,50601,Historian-509,5,119,Ultracomputer,1,,,,,0,10,Gao-514,,
,50602,Historian-510,5,120,Dictionary,3,Scroll,2,,,0,10,Historian-509,,
,50603,Historian-511,5,121,Scroll,5,,,,,0,10,Historian-510,,
,50604,Historian-512,5,122,Scribe kit,1,Jade seal,1,,,0,10,Historian-511,,
,50605,Historian-513,5,123,Ultracomputer,1,,,,,0,10,Historian-512,,
,50606,Historian-514,5,124,Plum wine,1,Incense,2,,,0,10,Historian-513,,
,50607,Historian-515,5,125,Scribe kit,1,,,,,0,10,Historian-514,,
,50608,Historian-516,5,126,Special dragon figurine,1,,,,,0,10,Historian-515,,
,60701,Jones-516,5,127,Lotus,10,,,,,0,10,Historian-516,,
,60702,Jones-517,5,128,Jade ring with diamond,1,,,,,0,10,Jones-516,,
,60703,Jones-518,5,129,Plum wine,1,Erhu,1,,,0,10,Jones-517,,
,60704,Jones-519,5,130,Computer with antenna,1,,,,,0,10,Jones-518,,
,60705,Jones-520,5,131,Perfect tools,1,Lantern,1,,,0,10,Jones-519,,
,60706,Jones-521,5,132,Erhu,1,Chopsticks,2,Plum wine,1,0,10,Jones-520,,
,60707,Jones-522,5,133,Baoding balls,1,,,,,0,10,Jones-521,,
,60708,Jones-523,5,134,Rose bouquet,1,,,,,0,10,Jones-522,,
,60801,Gao-515,5,135,Computer with antenna,1,,,,,0,10,Jones-523,,
,60802,Gao-516,5,136,Ink,1,Jade seal,1,,,0,10,Gao-515,,
,60803,Gao-517,5,137,Sesame stalk,5,,,,,0,10,Gao-516,,
,60804,Gao-518,5,138,Sesame oil,1,,,,,0,10,Gao-517,,
,60805,Gao-519,5,139,CCTV,2,,,,,0,10,Gao-518,,
,60806,Gao-520,5,140,Chinese vase,1,Lotus,5,,,0,10,Gao-519,,
,60101,Maestro-601,6,141,Electric razor,1,,,,,0,10,,,
,60102,Maestro-602,6,142,Coffee,1,,,,,0,10,Maestro-601,,
,60103,Maestro-603,6,143,Tea set,1,,,,,0,10,Maestro-602,,
,60104,Maestro-604,6,144,Shredder,1,,,,,0,10,Maestro-603,,
,60105,Maestro-605,6,145,Binoculars,1,,,,,0,10,Maestro-604,,
,60106,Maestro-606,6,146,Night vision,1,,,,,0,10,Maestro-605,,
,60107,Maestro-607,6,147,Coffee,1,,,,,0,10,Maestro-606,,
,60201,Grandma-601,6,148,Coffee bag,2,,,,,0,10,Maestro-607,,
,60202,Grandma-602,6,149,Coffee machine,1,,,,,0,10,Grandma-601,,
,60203,Grandma-603,6,150,Tea set,1,,,,,0,10,Grandma-602,,
,60204,Grandma-604,6,151,Starbucks coffee,5,,,,,0,10,Grandma-603,,
,60205,Grandma-605,6,152,Advanced coffee machine,1,,,,,0,10,Grandma-604,,
,60206,Grandma-606,6,153,Sweaming suit,1,,,,,0,10,Grandma-605,,
,60207,Grandma-607,6,154,Coffee,1,Tea set,1,,,0,10,Grandma-606,,
,60301,Agent-601,6,155,Oil,2,,,,,0,10,Grandma-607,,
,60302,Agent-602,6,156,Hairpin,5,,,,,0,10,Agent-601,,
,60303,Agent-603,6,157,Feather boa,1,,,,,0,10,Agent-602,,
,60304,Agent-604,6,158,Feather crown,1,,,,,0,10,Agent-603,,
,60305,Agent-605,6,159,Feather swimming suit,1,,,,,0,10,Agent-604,,
,60306,Agent-606,6,160,Advanced coffee machine,1,,,,,0,10,Agent-605,,
,60307,Agent-607,6,161,Starbucks coffee,5,,,,,0,10,Agent-606,,
,60401,Grandma-608,6,162,Drone,1,,,,,0,10,Agent-607,,
,60402,Grandma-609,6,163,Drone with cable,1,,,,,0,10,Grandma-608,,
,60403,Grandma-610,6,164,Pennon,10,,,,,0,10,Grandma-609,,
,60404,Grandma-611,6,165,Geyser coffee maker,1,,,,,0,10,Grandma-610,,
,60405,Grandma-612,6,166,Oil,2,,,,,0,10,Grandma-611,,
,60406,Grandma-613,6,167,Coffee scrab,1,,,,,0,10,Grandma-612,,
,60407,Grandma-614,6,168,Car engine,1,,,,,0,10,Grandma-613,,
,60408,Grandma-615,6,169,Polish,3,,,,,0,10,Grandma-614,,
,60409,Grandma-616,6,170,Advanced coffee machine,1,,,,,0,10,Grandma-615,,
,60501,Agent-608,6,171,Cable,10,,,,,0,10,Grandma-616,,
,60502,Agent-609,6,172,Transformer,1,,,,,0,10,Agent-608,,
,60503,Agent-610,6,173,Glitter cannon,1,,,,,0,10,Agent-609,,
,60504,Agent-611,6,174,Body oil,2,,,,,0,10,Agent-610,,
,60505,Agent-612,6,175,Golden eyeshadow,1,,,,,0,10,Agent-611,,
,60506,Agent-613,6,176,Makup mirror,1,,,,,0,10,Agent-612,,
,60601,Maestro-608,6,177,Irish coffee,1,,,,,0,10,Agent-613,,
,60602,Maestro-609,6,178,Lockpick,1,,,,,0,10,Maestro-608,,
,60603,Maestro-610,6,179,Surveillance drone,1,,,,,0,10,Maestro-609,,
,60604,Maestro-611,6,180,Coffee,2,Starbucks coffee,1,,,0,10,Maestro-610,,
,60605,Maestro-612,6,181,Car engine,1,,,,,0,10,Maestro-611,,
,60606,Maestro-613,6,182,Tempered mirror,2,,,,,0,10,Maestro-612,,
,60607,Maestro-614,6,183,Coffee,1,,,,,0,10,Maestro-613,,
,60608,Maestro-615,6,184,Shredder,1,,,,,0,10,Maestro-614,,
,60701,Grandma-617,6,185,Drone,1,,,,,0,10,Maestro-615,,
,60702,Grandma-618,6,186,Pepper spray,2,,,,,0,10,Grandma-617,,
,60703,Grandma-619,6,187,Feather,5,Ball pen,5,,,0,10,Grandma-618,,
,60704,Grandma-620,6,188,Phone charger,1,,,,,0,10,Grandma-619,,
,60705,Grandma-621,6,189,Coffee,1,Tea set,1,,,0,10,Grandma-620,,
,60706,Grandma-622,6,190,Woolen sweater,1,,,,,0,10,Grandma-621,,
,60707,Grandma-623,6,191,Woolen thread,3,,,,,0,10,Grandma-622,,
,60708,Grandma-624,6,192,Souvenir magnet,1,,,,,0,10,Grandma-623,,
,60801,Agent-614,6,193,Dog food,1,Bowl,1,,,0,10,Grandma-624,,
,60802,Agent-615,6,194,Woolen blanket,1,,,,,0,10,Agent-614,,
,60803,Agent-616,6,195,Dog toy,1,,,,,0,10,Agent-615,,
,60804,Agent-617,6,196,Woolen blanket,1,,,,,0,10,Agent-616,,
,60805,Agent-618,6,197,Coffee bag,5,,,,,0,10,Agent-617,,
,60806,Agent-619,6,198,Notebook,5,Ball pen,5,,,0,10,Agent-618,,
,60807,Agent-620,6,199,Ball,5,,,,,0,10,Agent-619,,
,70101,Philipp-701,7,200,Industrial oil,1,,,,,0,10,,,
,70102,Philipp-702,7,201,Spatula,5,,,,,0,10,Philipp-701,,
,70103,Philipp-703,7,202,Chocolate bar mold,1,,,,,0,10,Philipp-702,,
,70104,Philipp-704,7,203,Thermometer,1,,,,,0,10,Philipp-703,,
,70105,Philipp-705,7,204,Painted spatula,2,,,,,0,10,Philipp-704,,
,70106,Philipp-706,7,205,Seeds,1,Wood,2,Nails,1,0,10,Philipp-705,,
,70201,Farmer-701,7,206,Wood,3,Nails,1,,,0,10,Philipp-706,,
,70202,Farmer-702,7,207,Wood protection oil,2,,,,,0,10,Farmer-701,,
,70203,Farmer-703,7,208,Oil paint,3,,,,,0,10,Farmer-702,,
,70204,Farmer-704,7,209,Doghouse,1,,,,,0,10,Farmer-703,,
,70205,Farmer-705,7,210,Birdhouse,1,,,,,0,10,Farmer-704,,
,70206,Farmer-706,7,211,Plastic,2,Wood,2,Nails,1,0,10,Farmer-705,,
,70207,Farmer-707,7,212,Thermometer,3,,,,,0,10,Farmer-706,,
,70301,Anais-701,7,213,Chocolate truffle mold,2,,,,,0,10,Farmer-707,,
,70302,Anais-702,7,214,Spatula,5,,,,,0,10,Anais-701,,
,70303,Anais-703,7,215,Conch,1,,,,,0,10,Anais-702,,
,70304,Anais-704,7,216,Knife sharpener,1,,,,,0,10,Anais-703,,
,70305,Anais-705,7,217,Kitchen timer,1,,,,,0,10,Anais-704,,
,70306,Anais-706,7,218,Thermometer,1,,,,,0,10,Anais-705,,
,70307,Anais-707,7,219,Spatula,2,Glass bowl,1,,,0,10,Anais-706,,
,70401,Farmer-708,7,220,Bell collar,5,,,,,0,10,Anais-707,,
,70402,Farmer-709,7,221,Gas cylinder,10,,,,,0,10,Farmer-708,,
,70403,Farmer-710,7,222,Portable stove,1,,,,,0,10,Farmer-709,,
,70404,Farmer-711,7,223,Scarecrow,1,,,,,0,10,Farmer-710,,
,70405,Farmer-712,7,224,Bell collar,1,,,,,0,10,Farmer-711,,
,70406,Farmer-713,7,225,Seeds,2,,,,,0,10,Farmer-712,,
,70407,Farmer-714,7,226,Industrial oil,1,Grindstone,1,,,0,10,Farmer-713,,
,70408,Farmer-715,7,227,Grinder,1,,,,,0,10,Farmer-714,,
,70409,Farmer-716,7,228,Edelweiss,3,,,,,0,10,Farmer-715,,
,70501,Philipp-707,7,229,Snowshoes,1,,,,,0,10,Farmer-716,,
,70502,Philipp-708,7,230,Portable stove,1,,,,,0,10,Philipp-707,,
,70503,Philipp-709,7,231,Bird feeder,1,,,,,0,10,Philipp-708,,
,70504,Philipp-710,7,232,Camouflage cloak,1,,,,,0,10,Philipp-709,,
,70505,Philipp-711,7,233,Birdsong recorder,1,,,,,0,10,Philipp-710,,
,70506,Philipp-712,7,234,Rope,1,,,,,0,10,Philipp-711,,
,70601,Anais-708,7,235,Snowboard,1,,,,,0,10,Philipp-712,,
,70602,Anais-709,7,236,Oil paint,2,,,,,0,10,Anais-708,,
,70603,Anais-710,7,237,Snowboard bindings,1,,,,,0,10,Anais-709,,
,70604,Anais-711,7,238,Wax,2,,,,,0,10,Anais-710,,
,70605,Anais-712,7,239,Heart mold,1,Spatula,1,,,0,10,Anais-711,,
,70606,Anais-713,7,240,Coloring agent,1,,,,,0,10,Anais-712,,
,70701,Philipp-713,7,241,Oiled wood,2,,,,,0,10,Anais-713,,
,70702,Philipp-714,7,242,Roof tile,10,,,,,0,10,Philipp-713,,
,70703,Philipp-715,7,243,Oil paint,2,,,,,0,10,Philipp-714,,
,70704,Philipp-716,7,244,Window,1,,,,,0,10,Philipp-715,,
,70705,Philipp-717,7,245,Wood,5,Hand plane,1,Oil paint,1,0,10,Philipp-716,,
,70706,Philipp-718,7,246,Kitchen table,1,,,,,0,10,Philipp-717,,
,70707,Philipp-719,7,247,Cocoa beans roaster,1,,,,,0,10,Philipp-718,,
,70708,Philipp-720,7,248,Special spatula,2,,,,,0,10,Philipp-719,,
,70709,Philipp-721,7,249,Chocolate bar mold,1,Chocolate truffle mold,1,,,0,10,Philipp-720,,
,70710,Philipp-722,7,250,Conch with timer,1,,,,,0,10,Philipp-721,,
,70801,Anais-714,7,251,Melting tank,1,,,,,0,10,Philipp-722,,
,70802,Anais-715,7,252,Oiled parchment,1,,,,,0,10,Anais-714,,
,70803,Anais-716,7,253,Drying rack,1,,,,,0,10,Anais-715,,
,70804,Anais-717,7,254,Jar,10,,,,,0,10,Anais-716,,
,70805,Anais-718,7,255,Chest,1,,,,,0,10,Anais-717,,
,70806,Anais-719,7,256,Glass bowl,2,Spatula,5,,,0,10,Anais-718,,
,70807,Anais-720,7,257,Honey,2,,,,,0,10,Anais-719,,
,70808,Anais-721,7,258,Mug,2,Teapot,1,,,0,10,Anais-720,,
,80101,Serpent-801,8,259,Sunglasses,1,,,,,0,10,,,
,80102,Serpent-802,8,260,Clay jug,1,,,,,0,10,Serpent-801,,
,80103,Serpent-803,8,261,Clay mug,2,,,,,0,10,Serpent-802,,
,80104,Serpent-804,8,262,Wrist watch,1,,,,,0,10,Serpent-803,,
,80105,Serpent-805,8,263,Barometer,1,,,,,0,10,Serpent-804,,
,80106,Serpent-806,8,264,Slippers,1,,,,,0,10,Serpent-805,,
,80107,Serpent-807,8,265,Cork helmet,1,,,,,0,10,Serpent-806,,
,80201,Shadyguy-801,8,266,Work gloves,3,Plastic film,3,,,0,10,Serpent-807,,
,80202,Shadyguy-802,8,267,Clay pot,1,,,,,0,10,Shadyguy-801,,
,80203,Shadyguy-803,8,268,Ladle,1,Clay plate,3,,,0,10,Shadyguy-802,,
,80204,Shadyguy-804,8,269,Swimming board,1,,,,,0,10,Shadyguy-803,,
,80205,Shadyguy-805,8,270,Sunglasses,1,Boat cover,1,,,0,10,Shadyguy-804,,
,80206,Shadyguy-806,8,271,Slippers,1,,,,,0,10,Shadyguy-805,,
,80207,Shadyguy-807,8,272,Work-ready polaroid,1,,,,,0,10,Shadyguy-806,,
,80208,Shadyguy-808,8,273,Wrist watch,1,,,,,0,10,Shadyguy-807,,
,80209,Shadyguy-809,8,274,Key chain,1,,,,,0,10,Shadyguy-808,,
,80210,Shadyguy-810,8,275,Clay beads,1,,,,,0,10,Shadyguy-809,,
,80211,Shadyguy-811,8,276,Signed shell,1,,,,,0,10,Shadyguy-810,,
,80301,Owmer-801,8,277,Bucket of clay,1,,,,,0,10,Shadyguy-811,,
,80302,Owmer-802,8,278,Work gloves,2,,,,,0,10,Owmer-801,,
,80303,Owmer-803,8,279,Amphora,1,,,,,0,10,Owmer-802,,
,80304,Owmer-804,8,280,Watch battery,2,,,,,0,10,Owmer-803,,
,80305,Owmer-805,8,281,Bucket,1,Work gloves,1,Plastic film,1,0,10,Owmer-804,,
,80306,Owmer-806,8,282,Bucket,1,Secateurs,1,,,0,10,Owmer-805,,
,80307,Owmer-807,8,283,Leather strap,3,Work gloves,1,,,0,10,Owmer-806,,
,80308,Owmer-808,8,284,Bucket,3,,,,,0,10,Owmer-807,,
,80309,Owmer-809,8,285,Trash bag,2,Large secateurs,1,,,0,10,Owmer-808,,
,80310,Owmer-810,8,286,Leather apron,1,,,,,0,10,Owmer-809,,
,80311,Owmer-811,8,287,Large secateurs,5,,,,,0,10,Owmer-810,,
,80401,Scientist-801,8,288,Fan,1,Sunglasses,1,,,0,10,Owmer-811,,
,80402,Scientist-802,8,289,Ph-meter,1,,,,,0,10,Scientist-801,,
,80403,Scientist-803,8,290,Barometer,1,,,,,0,10,Scientist-802,,
,80404,Scientist-804,8,291,Secateurs,1,Flask,1,Ph-meter,1,0,10,Scientist-803,,
,80405,Scientist-805,8,292,Bottle sprayer,1,,,,,0,10,Scientist-804,,
,80406,Scientist-806,8,293,Sundial,1,,,,,0,10,Scientist-805,,
,80407,Scientist-807,8,294,Wrist watch,1,,,,,0,10,Scientist-806,,
,80408,Scientist-808,8,295,Large secateurs,1,Flower pot,1,,,0,10,Scientist-807,,
,80409,Scientist-809,8,296,Work gloves,1,Leather apron,1,,,0,10,Scientist-808,,
,80410,Scientist-810,8,297,Gumboots,1,,,,,0,10,Scientist-809,,
,80411,Scientist-811,8,298,Clay mug,1,,,,,0,10,Scientist-810,,
,80501,Serpent-808,8,299,Black paint,1,,,,,0,10,Scientist-811,,
,80502,Serpent-809,8,300,Sunscreen,2,,,,,0,10,Serpent-808,,
,80503,Serpent-810,8,301,Kite,1,,,,,0,10,Serpent-809,,
,80504,Serpent-811,8,302,Work-ready polaroid,1,,,,,0,10,Serpent-810,,
,80505,Serpent-812,8,303,Fan,1,,,,,0,10,Serpent-811,,
,80506,Serpent-813,8,304,Sealing wax,2,,,,,0,10,Serpent-812,,
,80507,Serpent-814,8,305,Inlaid triver,1,,,,,0,10,Serpent-813,,
,80508,Serpent-815,8,306,Signed shell,1,,,,,0,10,Serpent-814,,
,80601,Owmer-812,8,307,Round thermometer,1,Bucket,1,,,0,10,Serpent-815,,
,80602,Owmer-813,8,308,Gumboots,1,Water analyzer,1,,,0,10,Owmer-812,,
,80603,Owmer-814,8,309,Fan blade,5,Wrench,1,,,0,10,Owmer-813,,
,80604,Owmer-815,8,310,Propeller,1,Wrench,1,Hose,1,0,10,Owmer-814,,
,80605,Owmer-816,8,311,Waterproof gasket,1,,,,,0,10,Owmer-815,,
,80606,Owmer-817,8,312,Sprinkler,1,,,,,0,10,Owmer-816,,
,80607,Owmer-818,8,313,Water filter,1,,,,,0,10,Owmer-817,,
,80608,Owmer-819,8,314,Protective leather gloves,1,,,,,0,10,Owmer-818,,
,80609,Owmer-820,8,315,Leather apron,1,,,,,0,10,Owmer-819,,
,80610,Owmer-821,8,316,Brick,5,Bucket,1,,,0,10,Owmer-820,,
,80611,Owmer-822,8,317,Work gloves,1,Wrench,1,,,0,10,Owmer-821,,
,80612,Owmer-823,8,318,Linoleum,1,,,,,0,10,Owmer-822,,
,80613,Owmer-824,8,319,Wine barrel,1,,,,,0,10,Owmer-823,,
,80614,Owmer-825,8,320,Wine amphora,1,,,,,0,10,Owmer-824,,
,80615,Owmer-826,8,321,Gasket,1,Wrench,1,Work gloves,1,0,10,Owmer-825,,
,80616,Owmer-827,8,322,Cork shavings,1,Plastic film,1,Bucket,1,0,10,Owmer-826,,
,80617,Owmer-828,8,323,Clay beads,1,,,,,0,10,Owmer-827,,
,80701,Scientist-812,8,324,Flask,2,Sealing wax,2,Plastic film,1,0,10,Owmer-828,,
,80702,Scientist-813,8,325,Trowel,1,Flower pot,1,,,0,10,Scientist-812,,
,80703,Scientist-814,8,326,Extra-good gumboots,1,,,,,0,10,Scientist-813,,
,80704,Scientist-815,8,327,Slippers,1,,,,,0,10,Scientist-814,,
,80705,Scientist-816,8,328,Sunscreen,2,,,,,0,10,Scientist-815,,
,80706,Scientist-817,8,329,Wine amphora,1,,,,,0,10,Scientist-816,,
,80707,Scientist-818,8,330,Nacre hairpin,1,,,,,0,10,Scientist-817,,
,80708,Scientist-819,8,331,Inlaid triver,1,,,,,0,10,Scientist-818,,
,80709,Scientist-820,8,332,Signed shell,1,,,,,0,10,Scientist-819,,
,80710,Scientist-821,8,333,Key chain,1,,,,,0,10,Scientist-820,,
,80711,Scientist-822,8,334,Clay beads,1,,,,,0,10,Scientist-821,,
,80801,Serpent-821,8,335,Boat cover,1,,,,,0,10,Scientist-815,,
,80802,Serpent-816,8,336,Hook,1,String,1,Bobber,1,0,10,Serpent-821,,
,80803,Serpent-817,8,337,Sunscreen,2,,,,,0,10,Serpent-816,,
,80804,Serpent-818,8,338,Skewer,3,,,,,0,10,Serpent-817,,
,80805,Serpent-819,8,339,Bottle sprayer,1,,,,,0,10,Serpent-818,,
,80806,Serpent-820,8,340,Meat thermometer,1,,,,,0,10,Serpent-819,,
,80807,Serpent-822,8,341,Baking bag,1,,,,,0,10,Serpent-820,,
,80808,Serpent-823,8,342,Clay plate,3,Ladle,1,,,0,10,Serpent-822,,
,80809,Serpent-824,8,343,Cheese cutter,1,,,,,0,10,Serpent-823,,
,80810,Serpent-825,8,344,Wine amphora,1,,,,,0,10,Serpent-824,,
,80811,Serpent-826,8,345,Clay jug,1,,,,,0,10,Serpent-825,,
,80812,Serpent-827,8,346,Guitar strings,1,,,,,0,10,Serpent-826,,
,80813,Serpent-828,8,347,Photopaper,5,,,,,0,10,Serpent-827,,
